5.4,3.7,1.5,0.2,0
6.5,2.8,4.6,1.5,1
6.5,3.0,5.8,2.2,2
6.774260623024716,3.225021877141671,4.7,1.5,1
6.4,3.2,4.5,1.5,1
5.19737556134225,3.865799917903609,1.9,0.4,0
7.6,3.0,6.6,2.1,2
5.5,2.4,3.8,1.1,1
6.0,2.2,4.0,1.0,1
6.3,3.3,4.7,1.6,1
6.3,3.4,5.6,2.4,2
6.058197931906023,2.3231379692053826,4.0,1.0,1
7.0,3.2,4.7,1.4,1
5.6,2.5,3.9,1.1,1
5.0,3.3,1.4,0.2,0
6.1,3.0,4.9,1.8,2
6.9,3.1,5.4,2.1,2
6.6360825072368055,3.2633941375166478,5.1,2.0,2
4.748844370458351,3.31720346842869,1.4,0.2,0
6.5,3.2,5.1,2.0,2
5.1,3.8,1.6,0.2,0
5.070316936557757,3.116337123271066,1.6,0.2,0
5.6,2.9,3.6,1.3,1
6.3,2.8,5.1,1.5,1
6.7,3.1,4.4,1.4,1
6.7,2.5,5.8,1.8,2
5.7,3.8,1.7,0.3,0
6.0,3.0,4.8,1.8,2
5.116178425158697,3.3386229474613254,1.2,0.2,0
5.5,2.6,4.4,1.2,1
5.0,3.4,1.6,0.4,0
5.6,2.7,4.2,1.3,1
5.6,3.0,4.1,1.3,1
4.9,3.1,1.5,0.2,0
6.6,2.9,4.6,1.3,1
4.8,3.0,1.4,0.3,0
6.479218002338303,2.924577956488506,5.6,2.1,2
5.0,3.3,1.4,0.2,0
7.3,2.9,6.3,1.8,2
5.1,3.4,1.5,0.2,0
5.200313330067701,3.446469028293806,1.7,0.5,0
5.7,2.9,4.2,1.3,1
4.9,3.1,1.5,0.1,0
5.0,2.0,3.5,1.0,1
4.9,2.5,4.5,1.7,1
5.5966026186598565,2.598165271282081,4.0,1.3,1
7.0,3.2,4.7,1.4,1
5.4,3.4,1.7,0.2,0
5.8,2.6,4.0,1.2,1
6.7,3.1,5.6,2.4,2
5.1,3.8,1.5,0.3,0
5.0,2.3,3.3,1.0,1
5.4,3.0,4.5,1.5,1
6.911641248448131,2.8533590522809593,4.8,1.4,1
5.5,2.5,4.0,1.3,1
6.6,2.9,4.6,1.3,1
5.1,3.5,1.4,0.2,0
5.4,3.4,1.7,0.2,0
4.363924675572583,3.1434559202161343,1.1,0.1,0
6.9,3.1,5.4,2.1,2
6.0,3.4,4.5,1.6,1
6.12139143372448,3.124547736870034,4.8,1.8,2
6.3,2.3,4.4,1.3,1
6.436681480842817,2.618815978050079,5.0,1.9,2
5.2,3.4,1.4,0.2,0
4.8,3.0,1.4,0.3,0
5.4,3.7,1.5,0.2,0
6.0,2.2,5.0,1.5,1
7.9,3.8,6.4,2.0,2
5.0,3.3,1.4,0.2,0
5.6,3.0,4.1,1.3,1
6.221579985819095,2.9011499212223586,4.0,1.3,1
6.9,3.1,5.1,2.3,2
4.53057112146374,3.341235810790078,1.3,0.2,0
5.6,3.0,4.1,1.3,1
7.6,3.0,6.6,2.1,2
6.3,2.5,4.9,1.5,1
5.1,3.8,1.9,0.4,0
6.4,3.2,4.5,1.5,1
6.407192198730676,2.845298486510445,4.9,1.8,2
6.4,3.1,5.5,1.8,2
6.9,3.2,5.7,2.3,2
6.1,2.8,4.7,1.2,1
5.7,2.9,4.2,1.3,1
6.0,2.2,5.0,1.5,1
5.7,4.4,1.5,0.4,0
5.2,4.1,1.5,0.1,0
7.292005464181205,3.709130809336961,6.1,2.5,2
4.3,3.0,1.1,0.1,0
5.6,3.0,4.5,1.5,1
4.8,3.4,1.6,0.2,0
5.470395042199614,3.9702496109414906,1.7,0.4,0
5.88668283670324,2.784571785433568,5.1,1.9,2
5.578048169983562,2.479335192128679,3.8,1.1,1
5.1,3.8,1.5,0.3,0
7.2,3.2,6.0,1.8,2
6.1,3.0,4.6,1.4,1
4.9,2.4,3.3,1.0,1
6.2,2.8,4.8,1.8,2
6.0,2.2,4.0,1.0,1
5.7,2.6,3.5,1.0,1
6.0,2.7,5.1,1.6,1
5.4,3.4,1.5,0.4,0
5.814457504035294,3.1232574625694776,4.2,1.2,1
6.9,3.1,5.4,2.1,2
6.53146199105363,2.8378507489416305,5.3,1.9,2
7.2,3.2,6.0,1.8,2
6.7,3.3,5.7,2.1,2
7.034583069084122,3.217837853415734,5.4,2.1,2
5.8,2.7,4.1,1.0,1
4.6,3.2,1.4,0.2,0
6.3,2.7,4.9,1.8,2
5.5,2.6,4.4,1.2,1
7.7,2.8,6.7,2.0,2
7.6,3.0,6.6,2.1,2
6.3,3.3,4.7,1.6,1
4.5,2.3,1.3,0.3,0
4.9,3.6,1.4,0.1,0
5.5,2.6,4.4,1.2,1
5.8,2.7,4.1,1.0,1
7.288120677669144,3.262185701240618,6.0,1.8,2
6.407320571407942,2.7606447014865068,4.9,1.8,2
6.0,2.2,4.0,1.0,1
7.297549953826646,3.6669698991148474,6.1,2.5,2
6.4,2.7,5.3,1.9,2
5.1,3.8,1.5,0.3,0
6.784308723402494,3.1575368877722316,5.6,2.4,2
5.6,3.0,4.5,1.5,1
6.4839583214027225,2.8650050020084254,5.6,2.2,2
6.4,2.9,4.3,1.3,1
5.6,2.8,4.9,2.0,2
6.1,2.9,4.7,1.4,1
5.5,2.3,4.0,1.3,1
5.5,2.6,4.4,1.2,1
5.0,2.3,3.3,1.0,1
6.4,2.9,4.3,1.3,1
4.6,3.4,1.4,0.3,0
6.890528711259601,3.271160880768652,5.9,2.3,2
6.5,3.2,5.1,2.0,2
6.1,3.0,4.6,1.4,1
6.01754172621265,3.0609878155689296,4.2,1.5,1
6.7,3.1,4.7,1.5,1
6.3,2.5,5.0,1.9,2
6.1,2.6,5.6,1.4,1
6.3,2.7,4.9,1.8,2
5.1,3.7,1.5,0.4,0
6.0,3.4,4.5,1.6,1
4.4,3.2,1.3,0.2,0
6.4,2.9,4.3,1.3,1
4.721993327925732,3.1958532952174816,1.5,0.2,0
5.0,3.3,1.4,0.2,0
6.529417623304954,2.845094610705569,5.3,1.9,2
4.988718671543542,3.115279890072961,1.4,0.2,0
5.6,2.7,4.2,1.3,1
6.159377346457414,3.0515687154391533,4.6,1.4,1
5.8,2.7,5.1,1.9,2
6.8,3.0,5.5,2.1,2
6.808186852485039,2.6245157290122902,5.8,1.8,2
5.8,4.0,1.2,0.2,0
5.8,4.0,1.2,0.2,0
4.5,2.3,1.3,0.3,0
7.7,2.8,6.7,2.0,2
6.3,2.5,5.0,1.9,2
5.7,2.5,5.0,2.0,2
6.4,2.8,5.6,2.1,2
5.1,3.8,1.6,0.2,0
5.8,2.7,3.9,1.2,1
5.025473780988698,3.730127714241034,1.4,0.1,0
6.0,3.0,4.8,1.8,2
5.691278971378559,2.6474622820332123,3.9,1.1,1
7.0,3.2,4.7,1.4,1
5.4,3.9,1.7,0.4,0
6.7,3.3,5.7,2.5,2
7.2,3.2,6.0,1.8,2
7.0,3.2,4.7,1.4,1
7.6,3.0,6.6,2.1,2
4.9,3.0,1.4,0.2,0
6.378668509980874,2.814778612418745,4.9,1.8,2
6.8,2.8,4.8,1.4,1
4.9,3.1,1.5,0.2,0
6.370374502782167,2.554813552917606,5.0,1.9,2
5.2,2.7,3.9,1.4,1
4.9,3.1,1.5,0.1,0
4.4,3.0,1.3,0.2,0
5.8,2.6,4.0,1.2,1
4.9,2.4,3.3,1.0,1
6.3539378459618545,2.5820147807474827,4.9,1.5,1
7.283106375310099,3.7137285149507235,6.1,2.5,2
4.594400943083207,2.4414684441640344,1.3,0.3,0
6.1,2.8,4.7,1.2,1
5.9,3.0,4.2,1.5,1
7.7,2.6,6.9,2.3,2
7.7,2.6,6.9,2.3,2
6.1,2.9,4.7,1.4,1
5.270208303747643,3.593801762660882,1.5,0.2,0
6.4,2.7,5.3,1.9,2
6.4,3.2,5.3,2.3,2
5.7,3.0,4.2,1.2,1
7.2,3.2,6.0,1.8,2
6.2,3.4,5.4,2.3,2
6.8,3.2,5.9,2.3,2
5.0,3.5,1.3,0.3,0
4.6,3.6,1.0,0.2,0
4.6,3.4,1.4,0.3,0
6.4,3.2,4.5,1.5,1
6.5,3.0,5.8,2.2,2
7.834215711532961,3.076012628706745,6.1,2.3,2
5.0,3.4,1.5,0.2,0
5.4,3.7,1.5,0.2,0
5.855473072083943,4.105609794835593,1.2,0.2,0
6.7,3.0,5.2,2.3,2
4.9,2.4,3.3,1.0,1
6.7,3.1,4.7,1.5,1
5.0,3.4,1.6,0.4,0
5.0,3.4,1.6,0.4,0
6.0,2.7,5.1,1.6,1
5.903558594505629,2.8234845039726357,5.1,1.9,2
5.684772738479994,3.0536068734610575,4.5,1.5,1
5.8,2.7,5.1,1.9,2
4.6,3.2,1.4,0.2,0
6.3,2.3,4.4,1.3,1
5.7,2.8,4.1,1.3,1
4.456237912281818,3.0739608521686934,1.3,0.2,0
4.885142373088324,3.2408568280442016,1.6,0.2,0
5.2,2.7,3.9,1.4,1
5.0,3.4,1.6,0.4,0
5.6,2.8,4.9,2.0,2
6.3,3.4,5.6,2.4,2
5.0,3.5,1.6,0.6,0
5.5,2.6,4.4,1.2,1
6.2,2.9,4.3,1.3,1
6.0,3.0,4.8,1.8,2
5.8807976310252155,2.77166803752308,4.1,1.0,1
4.9,3.6,1.4,0.1,0
5.7,2.8,4.1,1.3,1
7.2,3.2,6.0,1.8,2
5.8,2.8,5.1,2.4,2
6.0,2.9,4.5,1.5,1
5.7,3.8,1.7,0.3,0
5.0,3.0,1.6,0.2,0
5.7,2.6,3.5,1.0,1
6.9,3.1,5.4,2.1,2
6.5,3.0,5.2,2.0,2
6.9,3.2,5.7,2.3,2
7.0,3.2,4.7,1.4,1
6.808688176708388,3.379611817928983,5.7,2.1,2
6.4,3.1,5.5,1.8,2
5.0,3.2,1.2,0.2,0
4.8842990843315714,3.46147028127287,1.9,0.2,0
6.4,3.2,5.3,2.3,2
6.4,2.9,4.3,1.3,1
7.9,3.8,6.4,2.0,2
6.0,2.2,4.0,1.0,1
4.8,3.4,1.6,0.2,0
5.0,3.4,1.5,0.2,0
5.4,3.7,1.5,0.2,0
4.4,3.0,1.3,0.2,0
6.7,3.3,5.7,2.1,2
6.9,3.2,5.7,2.3,2
7.2,3.0,5.8,1.6,2
4.8237199892808,3.3311894630970356,1.6,0.2,0
6.3,2.8,5.1,1.5,1
5.9,3.0,4.2,1.5,1
5.1,3.5,1.4,0.3,0
4.887565047184995,3.249232079549066,1.6,0.2,0
7.7,3.0,6.1,2.3,2
6.0,2.7,5.1,1.6,1
5.1,3.8,1.6,0.2,0
5.9,3.0,5.1,1.8,2
6.8,3.2,5.9,2.3,2
6.402229584702577,3.005723881774533,5.6,1.8,2
5.4,3.0,4.5,1.5,1
5.0,3.2,1.2,0.2,0
5.0,2.3,3.3,1.0,1
6.1,3.0,4.9,1.8,2
6.2,3.4,5.4,2.3,2
6.7,2.5,5.8,1.8,2
6.7,3.1,5.6,2.4,2
6.5,3.0,5.8,2.2,2
6.2760254301808,3.505302798956435,5.4,2.3,2
7.313599220005512,3.0710669029072943,5.8,1.6,2
5.8,2.7,3.9,1.2,1
4.985461788764333,2.6084694796047887,4.5,1.7,1
5.4,3.9,1.3,0.4,0
6.828598035022718,3.0615437919619306,5.0,1.7,2
5.0,2.0,3.5,1.0,1
4.5,2.3,1.3,0.3,0
6.2,3.4,5.4,2.3,2
6.7,3.3,5.7,2.5,2
5.8,2.7,4.1,1.0,1
5.0,2.0,3.5,1.0,1
6.4,3.2,4.5,1.5,1
5.2,3.4,1.4,0.2,0
5.4,3.4,1.5,0.4,0
6.4,3.2,5.3,2.3,2
5.584911367130956,4.300877144445703,1.4,0.2,0
7.1,3.0,5.9,2.1,2
5.1,3.8,1.9,0.4,0
7.3,2.9,6.3,1.8,2
6.7,3.1,4.7,1.5,1
5.5,2.4,3.8,1.1,1
5.9,3.2,4.8,1.8,2
7.6,3.0,6.6,2.1,2
7.0126511235398175,3.338406292522555,5.7,2.3,2
6.2,3.4,5.4,2.3,2
5.0,3.3,1.4,0.2,0
5.086102247342694,2.4361276938268537,3.3,1.0,1
5.0,3.5,1.3,0.3,0
5.1,3.7,1.5,0.4,0
6.4,2.8,5.6,2.1,2
5.7,4.4,1.5,0.4,0
5.9,3.0,4.2,1.5,1
4.616939267094589,2.39952591286945,1.3,0.3,0
6.5,3.0,5.5,1.8,2
5.1,3.8,1.5,0.3,0
6.2,2.2,4.5,1.5,1
5.7,3.8,1.7,0.3,0
4.9,2.4,3.3,1.0,1
5.2,2.7,3.9,1.4,1
4.378812362367296,3.0772651435028195,1.1,0.1,0
6.4036175953151355,2.605037389461591,5.0,1.9,2
6.3,2.3,4.4,1.3,1
5.1,3.7,1.5,0.4,0
5.061948139695577,2.444817216381255,3.3,1.0,1
4.9,3.1,1.5,0.1,0
4.7,3.2,1.3,0.2,0
6.9,3.1,5.4,2.1,2
5.747716524599739,2.773283874821434,4.2,1.3,1
5.2,3.4,1.4,0.2,0
5.1,3.4,1.5,0.2,0
5.7,2.8,4.5,1.3,1
5.87223747189108,2.8851502865704415,5.1,2.4,2
5.776184524596451,2.7164442586290414,3.5,1.0,1
6.649356434336905,2.8792991586333243,4.6,1.5,1
7.041909919170031,3.188802155531479,5.1,2.3,2
5.4,3.4,1.7,0.2,0
4.8,3.0,1.4,0.1,0
4.8,3.4,1.9,0.2,0
5.0,3.2,1.2,0.2,0
5.1,3.3,1.7,0.5,0
6.4,2.9,4.3,1.3,1
6.1,3.0,4.9,1.8,2
6.2,2.9,4.3,1.3,1
5.2,2.7,3.9,1.4,1
6.7,3.3,5.7,2.1,2
6.1,2.8,4.7,1.2,1
4.8,3.1,1.6,0.2,0
7.4,2.8,6.1,1.9,2
5.7,2.8,4.1,1.3,1
5.9,3.2,4.8,1.8,2
6.0,2.2,4.0,1.0,1
6.0,2.2,4.0,1.0,1
6.2,2.2,4.5,1.5,1
4.6,3.4,1.4,0.3,0
4.6,3.1,1.5,0.2,0
6.83090672481384,2.630651831605879,5.8,1.8,2
4.9,3.1,1.5,0.1,0
6.2971762254216035,2.8636005079951268,4.8,1.8,2
4.7,3.2,1.6,0.2,0
6.3,2.7,4.9,1.8,2
4.8,3.0,1.4,0.1,0
4.8,3.0,1.4,0.1,0
5.1,3.7,1.5,0.4,0
5.1,3.7,1.5,0.4,0
7.7,3.0,6.1,2.3,2
6.1,3.0,4.9,1.8,2
6.9,3.2,5.7,2.3,2
5.0,3.3,1.4,0.2,0
6.9,3.2,5.7,2.3,2
5.51005593730445,3.1406235549575885,4.5,1.5,1
5.1,3.4,1.5,0.2,0
7.7,3.8,6.7,2.2,2
5.6,3.0,4.1,1.3,1
5.1,3.7,1.5,0.4,0
6.6,3.0,4.4,1.4,1
5.768292820103061,2.609514047705744,5.0,2.0,2
5.0,3.4,1.6,0.4,0
6.2,2.9,4.3,1.3,1
4.6,3.2,1.4,0.2,0
5.93939233179583,2.8312456537748476,5.1,1.9,2
7.359642736339348,3.045068995942993,6.3,1.8,2
5.769196662354966,2.6865138483983535,3.5,1.0,1
5.0,3.5,1.6,0.6,0
4.7,3.2,1.6,0.2,0
6.3,2.7,4.9,1.8,2
7.4,2.8,6.1,1.9,2
6.7,3.1,4.7,1.5,1
5.763282670249311,2.9211439408910076,4.1,1.3,1
6.0,2.7,5.1,1.6,1
6.9,3.1,4.9,1.5,1
6.7,3.3,5.7,2.1,2
7.6,3.0,6.6,2.1,2
6.9,3.1,5.1,2.3,2
5.245061890755277,3.5662249941616464,1.4,0.3,0
5.9,3.0,4.2,1.5,1
6.1,3.0,4.6,1.4,1
6.7,3.1,4.7,1.5,1
5.1,2.5,3.0,1.1,1
5.5,2.6,4.4,1.2,1
5.5,2.4,3.8,1.1,1
6.4,3.2,4.5,1.5,1
6.7,2.5,5.8,1.8,2
7.1,3.0,5.9,2.1,2
4.3,3.0,1.1,0.1,0
6.8,3.0,5.5,2.1,2
5.710932951884334,3.107088032383872,4.5,1.5,1
7.7,3.0,6.1,2.3,2
6.4615508680610665,3.3109669747134154,5.3,2.3,2
6.7,3.3,5.7,2.5,2
5.6,3.0,4.1,1.3,1
4.9,3.6,1.4,0.1,0
5.5,2.5,4.0,1.3,1
6.3,2.5,4.9,1.5,1
4.8,3.0,1.4,0.1,0
5.1,2.5,3.0,1.1,1
5.6,3.0,4.1,1.3,1
5.3,3.7,1.5,0.2,0
5.132539538009177,3.542366734426417,1.6,0.4,0
4.8,3.1,1.6,0.2,0
5.4,3.4,1.5,0.4,0
7.9,3.8,6.4,2.0,2
5.5,2.4,3.8,1.1,1
4.4,3.2,1.3,0.2,0
4.4,2.9,1.4,0.2,0
7.7,2.6,6.9,2.3,2
5.196017113031184,3.360537323002911,1.7,0.5,0
4.9,3.1,1.5,0.1,0
6.6,2.9,4.6,1.3,1
5.9,3.0,4.2,1.5,1
5.9,3.0,4.2,1.5,1
6.359567441744116,2.8962905878381426,5.1,1.5,1
6.5,2.8,4.6,1.5,1
5.1,3.8,1.9,0.4,0
5.744760417041685,2.968340639132107,3.6,1.3,1
5.5,2.4,3.8,1.1,1
5.0,3.6,1.4,0.2,0
5.703313660005835,2.975377989954257,3.6,1.3,1
6.6,2.9,4.6,1.3,1
6.4,3.2,4.5,1.5,1
5.0,3.4,1.5,0.2,0
5.0,2.0,3.5,1.0,1
4.8,3.4,1.9,0.2,0
5.0,3.4,1.6,0.4,0
5.0,2.3,3.3,1.0,1
7.65395071081771,3.0601111711240434,6.6,2.1,2
6.3,2.8,5.1,1.5,1
5.604805354820298,2.466384799323943,3.8,1.1,1
5.4,3.9,1.7,0.4,0
6.0,2.9,4.5,1.5,1
5.7,2.8,4.1,1.3,1
7.7,3.0,6.1,2.3,2
6.2,3.4,5.4,2.3,2
5.4,3.9,1.3,0.4,0
6.1,3.0,4.9,1.8,2
6.634865567883856,3.108235601457089,5.2,2.0,2
5.1,3.7,1.5,0.4,0
5.2,3.5,1.5,0.2,0
4.83121266337805,3.257406381003227,1.6,0.2,0
4.8,3.4,1.9,0.2,0
4.3,3.0,1.1,0.1,0
6.0,2.2,4.0,1.0,1
5.8,2.7,4.1,1.0,1
7.1,3.0,5.9,2.1,2
5.109968734226949,3.5988584332191538,1.3,0.3,0
5.2,2.7,3.9,1.4,1
6.2,2.2,4.5,1.5,1
5.543650886550723,3.5077316231411464,1.7,0.2,0
5.5,2.4,3.8,1.1,1
6.6,3.0,4.4,1.4,1
6.8,3.2,5.9,2.3,2
5.1,3.4,1.5,0.2,0
5.8,2.6,4.0,1.2,1
5.0,3.0,1.6,0.2,0
5.0,2.3,3.3,1.0,1
4.9,3.0,1.4,0.2,0
6.7,3.1,4.7,1.5,1
6.3,2.7,4.9,1.8,2
5.1,3.5,1.4,0.2,0
5.5,2.5,4.0,1.3,1
4.4,2.9,1.4,0.2,0
7.754053814220761,3.1057406187937953,6.1,2.3,2
6.9,3.1,4.9,1.5,1
4.6,3.6,1.0,0.2,0
5.8,2.6,4.0,1.2,1
6.834333830425571,3.382523692731832,5.7,2.5,2
6.4,2.7,5.3,1.9,2
7.2,3.6,6.1,2.5,2
6.7,3.1,4.7,1.5,1
6.8,3.0,5.5,2.1,2
6.0,3.4,4.5,1.6,1
6.2,2.8,4.8,1.8,2
5.972651166200416,3.34453355863993,4.8,1.8,2
6.4,2.8,5.6,2.1,2
6.3,3.3,6.0,2.5,2
6.5,3.0,5.2,2.0,2
6.2,3.4,5.4,2.3,2
5.0,3.3,1.4,0.2,0
5.7,2.5,5.0,2.0,2
4.6,3.6,1.0,0.2,0
5.7,2.5,5.0,2.0,2
6.3,2.5,5.0,1.9,2
7.2,3.6,6.1,2.5,2
5.798261782267625,3.086446980773913,4.2,1.2,1
5.4,3.4,1.5,0.4,0
4.8,3.4,1.9,0.2,0
5.5,2.5,4.0,1.3,1
7.0,3.2,4.7,1.4,1
6.0,2.7,5.1,1.6,1
6.6,2.9,4.6,1.3,1
6.1,2.6,5.6,1.4,1
5.5,4.2,1.4,0.2,0
6.8,2.8,4.8,1.4,1
6.3,2.7,4.9,1.8,2
4.6,3.2,1.4,0.2,0
5.184531634738657,2.6330838043420375,3.0,1.1,1
5.610610056361256,2.5426981455555455,3.7,1.0,1
7.0,3.2,4.7,1.4,1
7.841213404665805,2.8753078101127163,6.7,2.0,2
6.9,3.2,5.7,2.3,2
6.5,3.0,5.8,2.2,2
6.9,3.1,4.9,1.5,1
4.8,3.0,1.4,0.1,0
6.1,2.8,4.7,1.2,1
5.5,2.5,4.0,1.3,1
5.4,3.9,1.3,0.4,0
5.1,3.8,1.6,0.2,0
6.160015861095809,3.0862881664061077,4.9,1.8,2
5.4,3.4,1.5,0.4,0
6.362533082074055,2.375277420638616,4.4,1.3,1
4.5,2.3,1.3,0.3,0
4.6,3.2,1.4,0.2,0
6.3,3.3,4.7,1.6,1
6.7,3.0,5.0,1.7,2
5.8,2.7,5.1,1.9,2
4.8,3.4,1.9,0.2,0
5.0,3.4,1.6,0.4,0
6.017898745132694,3.3252271162312685,4.8,1.8,2
5.2,2.7,3.9,1.4,1
7.8348149553258155,3.0702452827164626,6.1,2.3,2
7.780704487212437,2.892641648672549,6.7,2.0,2
6.934567997795934,3.3316353985141633,5.9,2.3,2
5.493180780009004,4.03611960209641,1.3,0.4,0
5.4,3.4,1.5,0.4,0
4.8,3.0,1.4,0.1,0
6.5,3.0,5.8,2.2,2
7.7,3.0,6.1,2.3,2
4.9,3.1,1.5,0.1,0
5.6267686223533655,2.394741531331829,4.0,1.3,1
5.5,2.3,4.0,1.3,1
5.9,3.2,4.8,1.8,2
6.186110248385258,3.04644588825599,4.7,1.4,1
5.2,3.5,1.5,0.2,0
7.0,3.2,4.7,1.4,1
5.6481393142330685,2.7105817920114013,4.4,1.2,1
5.2,2.7,3.9,1.4,1
5.8,2.8,5.1,2.4,2
5.182981590616287,2.6218847170678874,3.0,1.1,1
5.1,3.5,1.4,0.3,0
4.7,3.2,1.3,0.2,0
6.3,3.3,6.0,2.5,2
5.0,3.2,1.2,0.2,0
6.8,3.0,5.5,2.1,2
5.9,3.0,4.2,1.5,1
6.3,2.7,4.9,1.8,2
6.458615223876675,2.8275380781262003,5.3,1.9,2
4.5,2.3,1.3,0.3,0
6.8,2.8,4.8,1.4,1
4.4,3.2,1.3,0.2,0
6.122137420524822,3.112518339199431,4.8,1.8,2
7.716275094222557,3.1375315902842393,6.6,2.1,2
6.4,3.2,5.3,2.3,2
6.563053506134295,3.2587175012849796,5.1,2.0,2
5.2,2.7,3.9,1.4,1
6.193140408721132,3.086848128794562,4.6,1.4,1
6.4,3.2,4.5,1.5,1
4.8,3.1,1.6,0.2,0
5.1,3.8,1.5,0.3,0
6.0,3.0,4.8,1.8,2
6.3,2.5,4.9,1.5,1
7.1,3.0,5.9,2.1,2
6.7,2.5,5.8,1.8,2
5.089616810765153,3.645170835888807,1.6,0.6,0
5.8,2.6,4.0,1.2,1
4.3,3.0,1.1,0.1,0
5.1,3.8,1.6,0.2,0
5.9,3.0,5.1,1.8,2
7.9,3.8,6.4,2.0,2
6.9,3.1,4.9,1.5,1
5.171145901008359,3.797052008892411,1.5,0.4,0
6.7,3.3,5.7,2.1,2
6.222866317755804,2.6862863692144896,5.6,1.4,1
5.801668331200716,2.600065018832134,5.0,2.0,2
5.7,2.5,5.0,2.0,2
5.4,3.0,4.5,1.5,1
4.4,3.2,1.3,0.2,0
6.4,3.2,4.5,1.5,1
6.423249694085581,3.360786752622195,4.7,1.6,1
5.4,3.4,1.5,0.4,0
6.4,2.9,4.3,1.3,1
6.9,3.1,5.4,2.1,2
6.63505415851319,2.907831755333527,4.6,1.5,1
5.0,2.0,3.5,1.0,1
5.7,2.8,4.5,1.3,1
5.8,2.8,5.1,2.4,2
5.0,3.0,1.6,0.2,0
6.0,3.0,4.8,1.8,2
6.3,2.3,4.4,1.3,1
5.8660480241828985,2.757372886215668,4.1,1.0,1
6.3,2.9,5.6,1.8,2
5.8,2.7,3.9,1.2,1
5.1,3.3,1.7,0.5,0
5.307191565012818,3.5570941682783035,1.5,0.2,0
7.0,3.2,4.7,1.4,1
6.0,2.2,5.0,1.5,1
5.7,2.8,4.1,1.3,1
7.3,2.9,6.3,1.8,2
4.8,3.0,1.4,0.1,0
5.5,2.3,4.0,1.3,1
6.8,2.8,4.8,1.4,1
5.088256098041047,2.415656935595477,3.3,1.0,1
6.0,2.7,5.1,1.6,1
5.8,2.7,4.1,1.0,1
5.3,3.7,1.5,0.2,0
7.2,3.0,5.8,1.6,2
5.9,3.0,5.1,1.8,2
6.6,2.9,4.6,1.3,1
5.4,3.7,1.5,0.2,0
6.7,3.3,5.7,2.5,2
5.7,2.8,4.5,1.3,1
5.1,3.8,1.6,0.2,0
7.0,3.2,4.7,1.4,1
6.0,2.2,5.0,1.5,1
6.0,2.9,4.5,1.5,1
5.3,3.7,1.5,0.2,0
5.1,3.5,1.4,0.3,0
4.9,3.1,1.5,0.1,0
7.971977171024742,3.9332658282043185,6.4,2.0,2
5.7,2.6,3.5,1.0,1
7.2,3.2,6.0,1.8,2
6.4,2.8,5.6,2.1,2
6.9,3.1,5.4,2.1,2
4.972216442091099,3.6922687450545117,1.4,0.1,0
5.4,3.7,1.5,0.2,0
6.79284377048213,3.391761756152959,5.7,2.1,2
5.8,2.7,5.1,1.9,2
4.6,3.2,1.4,0.2,0
6.382697409946347,3.499894323215507,5.6,2.4,2
6.826965905066267,3.1430132168364455,5.2,2.3,2
5.9,3.2,4.8,1.8,2
5.8,2.8,5.1,2.4,2
6.3,3.3,4.7,1.6,1
7.063992763465889,3.345893063467552,4.7,1.4,1
6.7,3.0,5.0,1.7,2
7.7,2.6,6.9,2.3,2
6.4,2.9,4.3,1.3,1
4.4,3.0,1.3,0.2,0
6.9,3.1,5.1,2.3,2
7.7,3.8,6.7,2.2,2
7.2,3.2,6.0,1.8,2
6.216275550987195,2.949949901118993,4.7,1.2,1
7.6,3.0,6.6,2.1,2
5.0,3.6,1.4,0.2,0
5.5,2.4,3.7,1.0,1
5.73530895066668,3.1000347365538206,4.1,1.3,1
6.9,3.1,4.9,1.5,1
6.7,3.3,5.7,2.1,2
4.4,3.0,1.3,0.2,0
7.2,3.0,5.8,1.6,2
5.0,3.3,1.4,0.2,0
5.5,2.4,3.8,1.1,1
6.0,2.2,4.0,1.0,1
5.4,3.4,1.5,0.4,0
5.4,3.4,1.5,0.4,0
6.7,3.0,5.0,1.7,2
4.976515764625603,3.1922298999418546,1.5,0.1,0
5.0,3.6,1.4,0.2,0
6.2,2.9,4.3,1.3,1
5.1,3.8,1.9,0.4,0
4.4,3.0,1.3,0.2,0
4.8,3.0,1.4,0.1,0
7.7,3.0,6.1,2.3,2
5.212514383689839,3.9274339274383676,1.9,0.4,0
6.3,2.5,4.9,1.5,1
6.3,2.5,4.9,1.5,1
7.4,2.8,6.1,1.9,2
6.7,3.1,5.6,2.4,2
5.574540475157923,2.4995866010014574,3.7,1.0,1
6.55522025805516,3.2722787216172065,5.1,2.0,2
6.5,3.0,5.8,2.2,2
4.756532568919331,3.3340267097143,1.6,0.2,0
6.0,2.9,4.5,1.5,1
6.5,2.8,4.6,1.5,1
7.2,3.2,6.0,1.8,2
5.0,3.5,1.6,0.6,0
6.0,2.7,5.1,1.6,1
7.2,3.6,6.1,2.5,2
5.5,2.4,3.8,1.1,1
5.8,2.6,4.0,1.2,1
5.6,3.0,4.5,1.5,1
5.026909238742659,3.6525823776395985,1.4,0.1,0
7.0,3.2,4.7,1.4,1
7.7,3.8,6.7,2.2,2
6.50326491714443,3.3385738333871777,5.3,2.3,2
5.9,3.2,4.8,1.8,2
6.0,2.2,5.0,1.5,1
5.2,4.1,1.5,0.1,0
6.381299059966481,2.355402939575796,4.4,1.3,1
5.1,3.7,1.5,0.4,0
5.294294700769496,3.471060498891768,1.4,0.2,0
5.0,3.5,1.6,0.6,0
6.7,3.1,4.4,1.4,1
5.8,2.6,4.0,1.2,1
7.7,3.0,6.1,2.3,2
6.8,3.2,5.9,2.3,2
6.4,2.7,5.3,1.9,2
6.7,3.3,5.7,2.1,2
7.0,3.2,4.7,1.4,1
4.553137720468905,2.406318116251303,1.3,0.3,0
6.7,3.1,4.7,1.5,1
5.1605022389674025,3.8357898160974537,1.5,0.4,0
5.0,3.6,1.4,0.2,0
6.069723569165019,3.113728112245469,4.8,1.8,2
6.3,2.9,5.6,1.8,2
5.5,3.5,1.3,0.2,0
6.3,2.5,4.9,1.5,1
6.116894372529947,2.9818789557050622,4.5,1.5,1
6.5,3.0,5.8,2.2,2
5.5,2.5,4.0,1.3,1
5.1,3.8,1.6,0.2,0
6.6,3.0,4.4,1.4,1
4.4,3.2,1.3,0.2,0
5.5,2.6,4.4,1.2,1
6.1,3.0,4.6,1.4,1
6.2,2.9,4.3,1.3,1
7.234200363900374,3.0982047436590423,5.9,2.1,2
6.3,2.8,5.1,1.5,1
5.0,3.4,1.5,0.2,0
7.4,2.8,6.1,1.9,2
6.565882374855175,3.2854006744577235,5.1,2.0,2
5.614067671174291,2.5208357861451067,3.7,1.0,1
6.0,3.0,4.8,1.8,2
5.1,3.8,1.9,0.4,0
7.2,3.6,6.1,2.5,2
5.2,2.7,3.9,1.4,1
6.0385698987345675,3.075707682056221,4.2,1.5,1
7.826744516738425,2.913341591679559,6.7,2.0,2
4.9,3.6,1.4,0.1,0
5.2,4.1,1.5,0.1,0
6.3,3.3,6.0,2.5,2
5.0,3.5,1.3,0.3,0
5.0,2.0,3.5,1.0,1
5.0,3.5,1.3,0.3,0
6.3,3.4,5.6,2.4,2
5.1,3.5,1.4,0.3,0
5.4,3.9,1.7,0.4,0
4.9,2.4,3.3,1.0,1
5.1,3.8,1.9,0.4,0
4.936860079348144,3.487550624388168,1.9,0.2,0
4.7,3.2,1.3,0.2,0
6.4,2.8,5.6,2.1,2
5.801259578781535,2.937096612395429,4.5,1.3,1
5.0,3.4,1.6,0.4,0
5.199859601457913,3.8013758683515517,1.5,0.4,0
5.459440664951492,4.036009583370686,1.7,0.4,0
6.5,3.2,5.1,2.0,2
6.7,3.1,4.7,1.5,1
5.7,2.9,4.2,1.3,1
7.2,3.2,6.0,1.8,2
6.3,2.5,5.0,1.9,2
4.9,3.1,1.5,0.2,0
6.7,3.3,5.7,2.5,2
6.0,3.4,4.5,1.6,1
4.8,3.0,1.4,0.1,0
4.7,3.2,1.3,0.2,0
5.8,2.7,5.1,1.9,2
7.049072602564062,3.177607770846734,5.4,2.1,2
5.1,3.8,1.5,0.3,0
6.4,2.7,5.3,1.9,2
6.3,2.5,4.9,1.5,1
4.8,3.0,1.4,0.1,0
6.462031247621089,2.937626275749268,5.6,2.2,2
6.9,3.1,5.4,2.1,2
6.7,3.0,5.0,1.7,2
6.44062400783896,3.4134649949407914,4.7,1.6,1
5.3,3.7,1.5,0.2,0
4.7,3.2,1.6,0.2,0
5.8,2.6,4.0,1.2,1
7.848401755375281,2.695547773578966,6.9,2.3,2
5.0,3.3,1.4,0.2,0
5.7,2.6,3.5,1.0,1
5.701290711943759,2.865494473801913,4.9,2.0,2
5.4,3.9,1.3,0.4,0
6.222642462019266,2.8832153348970806,4.7,1.2,1
7.3,2.9,6.3,1.8,2
5.220126894879532,3.938024883865567,1.9,0.4,0
5.4,3.7,1.5,0.2,0
6.5,2.8,4.6,1.5,1
6.7,3.3,5.7,2.1,2
6.453435631174509,3.2410764198879516,5.5,1.8,2
5.5,2.5,4.0,1.3,1
5.8,2.8,5.1,2.4,2
5.1,3.8,1.5,0.3,0
6.3,3.3,6.0,2.5,2
5.6,2.9,3.6,1.3,1
5.1,3.8,1.6,0.2,0
5.8,2.8,5.1,2.4,2
7.9,3.8,6.4,2.0,2
6.1,3.0,4.9,1.8,2
5.7,2.8,4.5,1.3,1
4.9,3.1,1.5,0.1,0
6.7,3.1,4.4,1.4,1
6.4,2.9,4.3,1.3,1
5.6,2.7,4.2,1.3,1
7.2,3.0,5.8,1.6,2
4.4,3.2,1.3,0.2,0
5.8,2.7,5.1,1.9,2
5.543504262771605,3.0959866883872387,4.5,1.5,1
6.5,2.8,4.6,1.5,1
6.9,3.2,5.7,2.3,2
5.5,2.4,3.8,1.1,1
6.6,3.0,4.4,1.4,1
4.9,2.4,3.3,1.0,1
5.1,3.3,1.7,0.5,0
5.8,2.6,4.0,1.2,1
6.0,2.2,5.0,1.5,1
6.4,2.7,5.3,1.9,2
6.5,3.0,5.2,2.0,2
5.1,2.5,3.0,1.1,1
6.189143910036874,2.6989899831361543,5.6,1.4,1
5.0,3.4,1.6,0.4,0
5.5,2.4,3.7,1.0,1
4.6,3.4,1.4,0.3,0
7.3,2.9,6.3,1.8,2
5.1,3.7,1.5,0.4,0
4.9,3.0,1.4,0.2,0
5.228318824686443,3.631000180631232,1.4,0.3,0
5.002051224762729,3.0900374450673698,1.4,0.2,0
5.7,3.0,4.2,1.2,1
5.7,2.6,3.5,1.0,1
5.8,2.7,5.1,1.9,2
5.1,3.4,1.5,0.2,0
4.9,2.5,4.5,1.7,1
4.7,3.2,1.3,0.2,0
5.8,2.7,4.1,1.0,1
6.641704791866026,3.096778361340697,5.2,2.0,2
6.9,3.1,5.1,2.3,2
4.942437020001925,3.521080308638884,1.6,0.2,0
6.2345667014227715,2.7229455217627136,5.6,1.4,1
5.5,4.2,1.4,0.2,0
6.100691959463338,3.099826207165116,4.8,1.8,2
4.8,3.1,1.6,0.2,0
6.3,2.7,4.9,1.8,2
6.566402040061682,3.069155510770501,5.8,2.2,2
5.5,2.5,4.0,1.3,1
5.3,3.7,1.5,0.2,0
6.0,2.9,4.5,1.5,1
6.2,2.9,4.3,1.3,1
5.7,2.8,4.5,1.3,1
5.771451283570756,3.052751658362481,4.2,1.2,1
4.9,3.6,1.4,0.1,0
5.5,3.5,1.3,0.2,0
4.9,3.0,1.4,0.2,0
5.7,3.8,1.7,0.3,0
6.3,2.5,4.9,1.5,1
5.7,3.8,1.7,0.3,0
6.8,2.8,4.8,1.4,1
5.7,2.8,4.1,1.3,1
5.6,2.7,4.2,1.3,1
5.7,2.6,3.5,1.0,1
7.249648662599725,3.064290271677922,5.9,2.1,2
5.1,3.5,1.4,0.3,0
5.0,3.2,1.2,0.2,0
6.3,2.9,5.6,1.8,2
6.044087846420189,3.129244229484348,4.2,1.5,1
5.0,3.3,1.4,0.2,0
6.3,3.4,5.6,2.4,2
6.4,2.9,4.3,1.3,1
6.3,2.8,5.1,1.5,1
6.7,3.1,4.7,1.5,1
5.104659070696325,3.5403304964498705,1.6,0.4,0
4.6,3.4,1.4,0.3,0
6.8,3.0,5.5,2.1,2
6.2,2.2,4.5,1.5,1
7.7,2.8,6.7,2.0,2
6.307785465431047,2.8551075465715128,4.8,1.8,2
6.4,2.8,5.6,2.2,2
6.9,3.1,5.1,2.3,2
4.6,3.6,1.0,0.2,0
5.4,3.7,1.5,0.2,0
7.4,2.8,6.1,1.9,2
5.612045770955959,2.4406462614933906,4.0,1.3,1
6.3,3.3,4.7,1.6,1
5.0,3.6,1.4,0.2,0
6.7,3.0,5.2,2.3,2
7.837950555160384,3.1388175526638404,6.1,2.3,2
6.0,3.0,4.8,1.8,2
5.7,3.8,1.7,0.3,0
6.466587501279055,2.907890266404708,5.6,2.2,2
6.7,3.1,5.6,2.4,2
5.5,2.4,3.7,1.0,1
5.886635933439445,2.7767476328381706,4.1,1.0,1
5.8,2.7,5.1,1.9,2
6.2,2.9,4.3,1.3,1
5.5,4.2,1.4,0.2,0
5.1,3.4,1.5,0.2,0
6.5,3.0,5.8,2.2,2
6.8,2.8,4.8,1.4,1
4.8,3.1,1.6,0.2,0
7.314872005735321,3.6735164354243537,6.1,2.5,2
7.360827897126289,3.0380050921001334,6.3,1.8,2
6.9,3.2,5.7,2.3,2
4.5,2.3,1.3,0.3,0
4.4,2.9,1.4,0.2,0
5.8,2.7,5.1,1.9,2
6.9,3.1,4.9,1.5,1
4.8,3.1,1.6,0.2,0
6.3,3.3,6.0,2.5,2
6.0,2.7,5.1,1.6,1
5.747130200446542,3.118657382982919,4.1,1.3,1
6.0,2.9,4.5,1.5,1
5.3,3.7,1.5,0.2,0
6.0,2.7,5.1,1.6,1
5.6,2.8,4.9,2.0,2
4.6,3.2,1.4,0.2,0
7.2,3.2,6.0,1.8,2
6.311219862758452,3.029522134129268,4.3,1.3,1
4.6,3.6,1.0,0.2,0
5.7,3.8,1.7,0.3,0
6.1,3.0,4.9,1.8,2
6.865645054583374,3.0726113111513835,5.5,2.1,2
6.1,2.8,4.7,1.2,1
7.028449601727669,3.2868465041800365,5.7,2.3,2
5.5,2.3,4.0,1.3,1
6.704785689848629,3.119250438275916,4.4,1.4,1
5.7,3.8,1.7,0.3,0
4.46211034052403,3.006427184809258,1.4,0.2,0
5.0,3.2,1.2,0.2,0
7.7,3.0,6.1,2.3,2
4.7,3.2,1.6,0.2,0
4.4,2.9,1.4,0.2,0
5.2,3.5,1.5,0.2,0
5.0,3.5,1.3,0.3,0
4.9,3.1,1.5,0.2,0
5.5,2.6,4.4,1.2,1
7.537284009705605,2.936452818254428,6.1,1.9,2
5.0,3.4,1.6,0.4,0
5.6,2.8,4.9,2.0,2
6.8,2.8,4.8,1.4,1
5.6892772552328745,2.988745841983199,3.6,1.3,1
7.2,3.2,6.0,1.8,2
5.0,2.0,3.5,1.0,1
6.3,2.7,4.9,1.8,2
5.4,3.0,4.5,1.5,1
6.5,3.0,5.8,2.2,2
6.7,3.1,4.4,1.4,1
6.6,2.9,4.6,1.3,1
6.487003845875911,2.8194512796338285,5.3,1.9,2
6.0,2.9,4.5,1.5,1
5.945783831749884,2.856387623843987,5.1,2.4,2
6.9,3.1,4.9,1.5,1
4.6,3.2,1.4,0.2,0
6.9,3.1,5.1,2.3,2
6.2,3.4,5.4,2.3,2
5.270728972748981,4.181624140238972,1.5,0.1,0
6.4,3.1,5.5,1.8,2
4.5,2.3,1.3,0.3,0
6.3,2.8,5.1,1.5,1
6.9,3.1,5.4,2.1,2
5.209723194267176,3.880895345444938,1.5,0.3,0
6.3,2.8,5.1,1.5,1
5.2,4.1,1.5,0.1,0
5.8,2.7,4.1,1.0,1
5.8,2.7,3.9,1.2,1
6.7,3.1,5.6,2.4,2
5.4,3.7,1.5,0.2,0
5.7958598132935935,2.7293166876405524,3.5,1.0,1
6.4,3.2,4.5,1.5,1
4.9,3.1,1.5,0.1,0
5.7,2.9,4.2,1.3,1
5.2,4.1,1.5,0.1,0
5.0,3.0,1.6,0.2,0
6.5,3.0,5.2,2.0,2
5.8,2.7,5.1,1.9,2
6.3,2.8,5.1,1.5,1
5.1,3.5,1.4,0.3,0
5.0,3.3,1.4,0.2,0
6.1,2.8,4.0,1.3,1
6.4,3.2,5.3,2.3,2
5.2283064999769735,3.8551946528501713,1.5,0.3,0
5.798178521234642,4.482516119111053,1.5,0.4,0
6.5,3.0,5.2,2.0,2
5.2,3.5,1.5,0.2,0
6.0,3.0,4.8,1.8,2
6.3,2.8,5.1,1.5,1
5.649578959163851,2.4538402280089295,3.7,1.0,1
5.1,3.7,1.5,0.4,0
5.2,2.7,3.9,1.4,1
5.205280354472078,3.764129154920311,1.5,0.4,0
5.2,3.4,1.4,0.2,0
6.2,2.9,4.3,1.3,1
4.6,3.1,1.5,0.2,0
5.0,3.4,1.6,0.4,0
5.8,2.6,4.0,1.2,1
4.98834722186911,3.2463244318513524,1.5,0.2,0
6.1,2.9,4.7,1.4,1
5.4,3.4,1.5,0.4,0
5.3,3.7,1.5,0.2,0
6.5,3.0,5.5,1.8,2
7.1,3.0,5.9,2.1,2
4.8,3.1,1.6,0.2,0
4.8,3.4,1.6,0.2,0
7.842716818627012,3.1427152295395238,6.1,2.3,2
7.7,3.0,6.1,2.3,2
5.2,3.4,1.4,0.2,0
7.2,3.2,6.0,1.8,2
4.8,3.4,1.6,0.2,0
6.8,2.8,4.8,1.4,1
5.9,3.0,4.2,1.5,1
5.7,3.8,1.7,0.3,0
4.4,2.9,1.4,0.2,0
5.914970564592261,2.7574535493696595,5.1,1.9,2
5.8,2.7,5.1,1.9,2
6.8,2.8,4.8,1.4,1
5.3,3.7,1.5,0.2,0
7.7,2.6,6.9,2.3,2
6.3,3.3,6.0,2.5,2
6.9,3.1,5.4,2.1,2
6.3,2.7,4.9,1.8,2
6.9,3.1,5.1,2.3,2
7.6,3.0,6.6,2.1,2
5.5,3.5,1.3,0.2,0
5.4,3.4,1.5,0.4,0
4.3,3.0,1.1,0.1,0
6.720246549502267,3.126981067906277,4.4,1.4,1
5.4,3.4,1.5,0.4,0
4.3,3.0,1.1,0.1,0
5.1,3.8,1.6,0.2,0
6.6,3.0,4.4,1.4,1
5.7,3.8,1.7,0.3,0
5.890170464299889,2.822013654298789,5.1,1.9,2
6.1,2.8,4.0,1.3,1
5.1,3.7,1.5,0.4,0
4.4,2.9,1.4,0.2,0
4.9,2.4,3.3,1.0,1
6.1,3.0,4.6,1.4,1
6.6,2.9,4.6,1.3,1
6.7,3.3,5.7,2.1,2
6.7,3.1,4.7,1.5,1
5.729888105424512,2.5905568366605,3.9,1.1,1
6.727000988313097,2.9665679262979663,4.6,1.3,1
4.8,3.4,1.9,0.2,0
5.0,3.4,1.5,0.2,0
6.4,2.7,5.3,1.9,2
6.7,2.5,5.8,1.8,2
4.6,3.2,1.4,0.2,0
5.4,3.4,1.7,0.2,0
5.48486152810585,3.798552518887836,1.5,0.2,0
6.2,2.2,4.5,1.5,1
6.7,3.1,5.6,2.4,2
4.6,3.6,1.0,0.2,0
5.8,2.7,4.1,1.0,1
6.971892109237168,3.1728830020420054,4.9,1.5,1
5.0,3.0,1.6,0.2,0
5.0,3.5,1.6,0.6,0
6.577876544753178,3.302544746099589,5.1,2.0,2
5.6,2.5,3.9,1.1,1
6.7,3.1,4.4,1.4,1
6.1,3.0,4.9,1.8,2
5.5,2.5,4.0,1.3,1
6.1,3.0,4.9,1.8,2
5.8,2.6,4.0,1.2,1
5.1,3.5,1.4,0.3,0
6.4,3.2,5.3,2.3,2
6.636865821667575,3.0822572420291423,5.2,2.0,2
6.492759014502612,2.9807157473102746,4.3,1.3,1
5.917762033770996,4.146272257350702,1.2,0.2,0
4.491539191754971,3.044333111059145,1.4,0.2,0
4.8,3.0,1.4,0.3,0
5.7,3.8,1.7,0.3,0
5.0,2.3,3.3,1.0,1
6.6,2.9,4.6,1.3,1
6.7,2.5,5.8,1.8,2
5.0,3.6,1.4,0.2,0
5.4,3.9,1.3,0.4,0
6.4,3.2,5.3,2.3,2
4.704473012204849,3.1862916532001875,1.5,0.2,0
4.8,3.1,1.6,0.2,0
5.1475374369131,2.1463039881809394,3.5,1.0,1
6.2,2.8,4.8,1.8,2
6.3,2.5,5.0,1.9,2
5.2,3.4,1.4,0.2,0
4.9,3.6,1.4,0.1,0
5.4,3.0,4.5,1.5,1
5.8,2.7,5.1,1.9,2
4.9,3.1,1.5,0.2,0
6.1,3.0,4.6,1.4,1
5.6,2.9,3.6,1.3,1
4.9,3.1,1.5,0.2,0
6.7,3.0,5.2,2.3,2
5.0,3.5,1.3,0.3,0
5.1,3.5,1.4,0.2,0
6.543584999490341,3.0175160396211527,4.3,1.3,1
5.6,2.8,4.9,2.0,2
5.4,3.9,1.7,0.4,0
5.0,3.2,1.2,0.2,0
6.1,2.9,4.7,1.4,1
5.8,2.7,4.1,1.0,1
5.082366638109596,2.414139486042613,3.3,1.0,1
6.153311349454517,2.746708622262295,5.6,1.4,1
4.8,3.4,1.6,0.2,0
7.6,3.0,6.6,2.1,2
6.2,2.8,4.8,1.8,2
5.7,4.4,1.5,0.4,0
5.1,3.8,1.6,0.2,0
4.699324124789579,3.159075850345541,1.5,0.2,0
6.7,3.1,5.6,2.4,2
7.2,3.6,6.1,2.5,2
6.7,3.1,4.7,1.5,1
6.8,3.0,5.5,2.1,2
4.428654567188885,3.1289968291907977,1.1,0.1,0
5.8,2.6,4.0,1.2,1
6.442733297737403,3.3970786671040156,4.7,1.6,1
5.5,2.6,4.4,1.2,1
5.232285346218699,3.9441917244212488,1.5,0.3,0
6.3,3.3,6.0,2.5,2
5.6,3.0,4.1,1.3,1
6.8,3.2,5.9,2.3,2
6.3,2.8,5.1,1.5,1
6.3,3.3,4.7,1.6,1
7.2,3.6,6.1,2.5,2
4.3,3.0,1.1,0.1,0
7.1,3.0,5.9,2.1,2
7.1,3.0,5.9,2.1,2
6.0,2.2,5.0,1.5,1
5.855086080298634,2.8216930842396883,5.1,1.9,2
4.7,3.2,1.6,0.2,0
5.8,2.7,4.1,1.0,1
5.8180981004048,3.074841783008371,4.2,1.2,1
6.4,3.1,5.5,1.8,2
6.420541729563089,2.962413117543242,5.6,1.8,2
4.8,3.4,1.9,0.2,0
5.8,2.7,5.1,1.9,2
5.4,3.4,1.5,0.4,0
5.9,3.2,4.8,1.8,2
5.0,3.6,1.4,0.2,0
6.1,3.0,4.9,1.8,2
5.7,2.8,4.5,1.3,1
5.648178289125868,4.332281485418427,1.4,0.2,0
6.6,2.9,4.6,1.3,1
5.0,2.3,3.3,1.0,1
7.7,3.8,6.7,2.2,2
6.1,2.8,4.0,1.3,1
4.8,3.0,1.4,0.1,0
6.4614397636893885,2.82211994144457,5.3,1.9,2
4.9,3.6,1.4,0.1,0
6.5,2.8,4.6,1.5,1
6.7,3.1,4.7,1.5,1
4.3,3.0,1.1,0.1,0
4.9,3.6,1.4,0.1,0
7.7,3.0,6.1,2.3,2
7.2,3.2,6.0,1.8,2
5.8,2.7,5.1,1.9,2
7.1,3.0,5.9,2.1,2
6.659929226585496,2.994614536039112,4.6,1.3,1
5.4651995108088505,4.047265518896385,1.3,0.4,0
5.4,3.7,1.5,0.2,0
4.9,2.5,4.5,1.7,1
6.537873850969439,3.2963865999743946,5.3,2.3,2
6.1,3.0,4.9,1.8,2
6.7,3.1,4.4,1.4,1
6.7,3.1,4.7,1.5,1
5.4,3.7,1.5,0.2,0
5.8,2.7,3.9,1.2,1
5.4,3.4,1.5,0.4,0
7.2,3.0,5.8,1.6,2
7.7,2.6,6.9,2.3,2
4.6,3.1,1.5,0.2,0
4.9,3.6,1.4,0.1,0
4.5,2.3,1.3,0.3,0
6.4,2.7,5.3,1.9,2
5.7,2.5,5.0,2.0,2
4.5463366044861315,3.0524901238790614,1.3,0.2,0
6.4,3.2,5.3,2.3,2
4.536504087185863,3.097284597443261,1.3,0.2,0
5.8,2.7,5.1,1.9,2
5.2,2.7,3.9,1.4,1
7.7,3.8,6.7,2.2,2
6.086893646709049,2.9587356258285276,4.5,1.5,1
4.6,3.2,1.4,0.2,0
5.8,2.7,3.9,1.2,1
7.2,3.6,6.1,2.5,2
4.6,3.6,1.0,0.2,0
4.8,3.4,1.6,0.2,0
7.087312324685441,3.3292269078673122,4.7,1.4,1
5.1,3.8,1.5,0.3,0
5.9,3.0,4.2,1.5,1
5.2,3.5,1.5,0.2,0
5.2,3.5,1.5,0.2,0
6.4,2.7,5.3,1.9,2
4.9,2.5,4.5,1.7,1
6.1,3.0,4.9,1.8,2
6.4,2.9,4.3,1.3,1
5.1,3.4,1.5,0.2,0
7.0,3.2,4.7,1.4,1
6.3,2.5,5.0,1.9,2
5.5,2.5,4.0,1.3,1
5.1,3.8,1.5,0.3,0
6.067919690870013,2.836459851039651,5.1,1.6,1
5.2,4.1,1.5,0.1,0
4.8,3.0,1.4,0.3,0
6.428300815552253,2.90226057553386,5.1,1.5,1
7.7,3.8,6.7,2.2,2
6.2,2.2,4.5,1.5,1
4.9,3.1,1.5,0.1,0
4.4,2.9,1.4,0.2,0
6.1,2.9,4.7,1.4,1
6.791245718237022,3.2373055643376274,4.4,1.4,1
5.9,3.2,4.8,1.8,2
5.0,3.3,1.4,0.2,0
6.0,3.4,4.5,1.6,1
4.6,3.1,1.5,0.2,0
4.4,3.2,1.3,0.2,0
5.0,3.0,1.6,0.2,0
6.1,2.9,4.7,1.4,1
4.4,3.2,1.3,0.2,0
6.19881988867164,3.024349004775455,4.7,1.4,1
6.1,2.8,4.0,1.3,1
5.0,3.5,1.3,0.3,0
5.144602113004963,3.4999129047000292,1.5,0.2,0
4.482236865725889,3.115219587345192,1.3,0.2,0
6.7,3.3,5.7,2.1,2
6.4,2.8,5.6,2.1,2
4.791174369941498,3.251101850333199,1.3,0.2,0
5.084030183053297,3.5326151627428697,1.5,0.2,0
5.5,2.3,4.0,1.3,1
6.1,2.8,4.0,1.3,1
6.4,2.8,5.6,2.1,2
5.7,2.6,3.5,1.0,1
7.3,2.9,6.3,1.8,2
5.1,3.7,1.5,0.4,0
5.6,2.7,4.2,1.3,1
6.5,2.8,4.6,1.5,1
7.9,3.8,6.4,2.0,2
6.7,3.3,5.7,2.5,2
5.8,2.7,5.1,1.9,2
6.7,3.1,4.4,1.4,1
6.4463855641856425,3.465698514858691,5.6,2.4,2
5.674858130975061,2.567265808857389,3.9,1.1,1
6.9,3.1,5.4,2.1,2
5.0,3.2,1.2,0.2,0
7.284518131821742,3.3266653017349626,6.0,1.8,2
6.7,3.0,5.2,2.3,2
6.3,2.3,4.4,1.3,1
6.3,2.8,5.1,1.5,1
5.9,3.0,5.1,1.8,2
6.7,3.1,4.4,1.4,1
4.8,3.0,1.4,0.1,0
6.0,2.9,4.5,1.5,1
6.7,2.5,5.8,1.8,2
6.0,3.4,4.5,1.6,1
6.4,2.7,5.3,1.9,2
7.6,3.0,6.6,2.1,2
6.7,3.1,4.7,1.5,1
6.3,3.3,4.7,1.6,1
6.4,3.2,5.3,2.3,2
5.0,2.3,3.3,1.0,1
5.0,3.5,1.3,0.3,0
7.7,2.8,6.7,2.0,2
6.954762702064851,3.2855378729889004,5.7,2.3,2
5.7,3.8,1.7,0.3,0
7.0,3.2,4.7,1.4,1
6.149357866830589,2.3467856129735587,5.0,1.5,1
7.0,3.2,4.7,1.4,1
6.3,2.3,4.4,1.3,1
5.1,3.8,1.6,0.2,0
6.1,2.8,4.7,1.2,1
5.5,4.2,1.4,0.2,0
6.0,2.2,5.0,1.5,1
7.521010042089156,2.902338443593572,6.1,1.9,2
4.3,3.0,1.1,0.1,0
5.1,3.8,1.9,0.4,0
5.8,2.7,5.1,1.9,2
6.9,3.1,5.1,2.3,2
5.0,3.2,1.2,0.2,0
5.4,3.0,4.5,1.5,1
5.0,3.2,1.2,0.2,0
4.6,3.6,1.0,0.2,0
5.4,3.7,1.5,0.2,0
5.7,2.8,4.5,1.3,1
5.4,3.9,1.3,0.4,0
5.0,3.0,1.6,0.2,0
7.3,2.9,6.3,1.8,2
6.2,2.9,4.3,1.3,1
7.7,2.6,6.9,2.3,2
5.7,2.8,4.1,1.3,1
5.6,3.0,4.1,1.3,1
5.244943592687077,3.6162801097157184,1.4,0.2,0
4.8,3.1,1.6,0.2,0
6.2,2.9,4.3,1.3,1
4.8675190948984906,3.502117663213766,1.9,0.2,0
7.4,2.8,6.1,1.9,2
4.4,3.0,1.3,0.2,0
5.2,3.5,1.5,0.2,0
7.7,3.8,6.7,2.2,2
6.3,3.3,6.0,2.5,2
5.5,2.6,4.4,1.2,1
5.8,4.0,1.2,0.2,0
6.7,3.1,4.4,1.4,1
6.508847355733869,2.845254035502291,5.3,1.9,2
5.8,2.6,4.0,1.2,1
5.1,3.7,1.5,0.4,0
6.7,3.0,5.2,2.3,2
6.07953384078276,2.34403966346879,5.0,1.5,1
6.1,2.6,5.6,1.4,1
5.1,3.4,1.5,0.2,0
5.6,3.0,4.5,1.5,1
4.968694772215296,3.121584564147027,1.4,0.2,0
5.0,3.5,1.6,0.6,0
5.8,2.6,4.0,1.2,1
4.4,2.9,1.4,0.2,0
6.6,2.9,4.6,1.3,1
6.67823493348725,3.140920566262472,4.4,1.4,1
4.9,3.1,1.5,0.2,0
4.9,2.4,3.3,1.0,1
6.8093803715658385,3.240083704832786,4.7,1.5,1
6.4,3.2,4.5,1.5,1
4.9,2.5,4.5,1.7,1
4.4,2.9,1.4,0.2,0
4.9,3.6,1.4,0.1,0
6.813633494920828,3.3682511685947825,5.7,2.5,2
5.0,3.4,1.5,0.2,0
4.6,3.2,1.4,0.2,0
6.5,3.0,5.2,2.0,2
5.1,3.7,1.5,0.4,0
4.8,3.4,1.6,0.2,0
7.149780252949896,3.285264340264574,4.7,1.4,1
6.246232703822016,3.11332823659733,4.9,1.8,2
6.0,2.9,4.5,1.5,1
5.1,2.5,3.0,1.1,1
5.6,2.5,3.9,1.1,1
6.8,2.8,4.8,1.4,1
7.7,2.8,6.7,2.0,2
7.7,2.6,6.9,2.3,2
5.1,3.4,1.5,0.2,0
5.8,2.7,4.1,1.0,1
6.0,2.2,4.0,1.0,1
6.1,3.0,4.6,1.4,1
5.0,3.3,1.4,0.2,0
5.6,3.0,4.1,1.3,1
5.2,3.5,1.5,0.2,0
5.986528725004345,3.0775449615954744,5.1,1.8,2
5.7,3.8,1.7,0.3,0
5.58271863721245,2.4657040433255806,3.8,1.1,1
6.6,3.0,4.4,1.4,1
4.4,3.2,1.3,0.2,0
5.3,3.7,1.5,0.2,0
6.6270908532149155,3.3458312812567517,5.1,2.0,2
6.1,2.9,4.7,1.4,1
6.3,2.5,4.9,1.5,1
7.3,2.9,6.3,1.8,2
6.1,3.0,4.6,1.4,1
6.058596728571161,2.314391704594041,5.0,1.5,1
7.510248589346389,2.895410626584203,6.1,1.9,2
6.0,2.9,4.5,1.5,1
5.666550331297261,3.099586524439535,4.5,1.5,1
5.7,2.9,4.2,1.3,1
5.8,2.8,5.1,2.4,2
4.4,2.9,1.4,0.2,0
6.7,3.0,5.2,2.3,2
5.0,3.5,1.3,0.3,0
5.1,3.4,1.5,0.2,0
6.6,3.0,4.4,1.4,1
6.8439877600843,3.092227362413729,5.2,2.3,2
4.6,3.6,1.0,0.2,0
5.4,3.4,1.7,0.2,0
5.0,2.0,3.5,1.0,1
6.1,3.0,4.9,1.8,2
5.08484098206189,3.628042068733504,1.3,0.3,0
6.1,3.0,4.9,1.8,2
4.9,3.1,1.5,0.1,0
6.0,3.4,4.5,1.6,1
6.394933034669879,3.426437433117625,6.0,2.5,2
6.4,2.8,5.6,2.2,2
7.802522972702257,2.6704369492170597,6.9,2.3,2
5.7,2.9,4.2,1.3,1
5.7,4.4,1.5,0.4,0
6.7,3.3,5.7,2.5,2
4.6,3.2,1.4,0.2,0
4.9,3.1,1.5,0.2,0
5.8,2.7,5.1,1.9,2
6.6,2.9,4.6,1.3,1
5.0,2.0,3.5,1.0,1
6.3,2.5,4.9,1.5,1
6.0,2.2,5.0,1.5,1
5.4,3.9,1.3,0.4,0
4.8,3.0,1.4,0.3,0
7.2,3.6,6.1,2.5,2
4.9,3.0,1.4,0.2,0
5.112925473555948,2.3585941274119344,3.3,1.0,1
5.3,3.7,1.5,0.2,0
5.1,3.8,1.6,0.2,0
6.7,3.3,5.7,2.1,2
6.6,2.9,4.6,1.3,1
5.6,3.0,4.1,1.3,1
5.1,3.5,1.4,0.2,0
6.3,3.3,4.7,1.6,1
6.4,2.7,5.3,1.9,2
6.803341081483544,3.201485498906435,4.4,1.4,1
5.5128978096399655,3.5459513273888668,1.5,0.4,0
4.9,3.0,1.4,0.2,0
7.7,2.8,6.7,2.0,2
5.7,2.8,4.5,1.3,1
5.4,3.9,1.3,0.4,0
5.52900211140383,3.7622566996055014,1.5,0.2,0
4.6,3.6,1.0,0.2,0
6.0,2.9,4.5,1.5,1
7.7,2.8,6.7,2.0,2
6.7,3.3,5.7,2.5,2
5.1,3.5,1.4,0.2,0
5.8,4.0,1.2,0.2,0
5.050531168959441,3.5238244957904525,1.5,0.2,0
5.8,2.7,4.1,1.0,1
4.3,3.0,1.1,0.1,0
4.4,3.2,1.3,0.2,0
5.4,3.4,1.7,0.2,0
6.5,3.0,5.5,1.8,2
6.9,3.2,5.7,2.3,2
5.4,3.9,1.7,0.4,0
6.4905483089299105,3.1990038523202178,5.5,1.8,2
6.9,3.2,5.7,2.3,2
6.0,2.7,5.1,1.6,1
5.0,3.0,1.6,0.2,0
7.7,2.8,6.7,2.0,2
4.6,3.1,1.5,0.2,0
6.3,3.3,4.7,1.6,1
6.3,2.3,4.4,1.3,1
4.7,3.2,1.6,0.2,0
5.8,2.6,4.0,1.2,1
6.4,2.8,5.6,2.2,2
6.4,2.7,5.3,1.9,2
5.8,2.7,5.1,1.9,2
4.8,3.0,1.4,0.1,0
6.5,3.0,5.8,2.2,2
6.0,2.9,4.5,1.5,1
5.5,2.4,3.8,1.1,1
6.1,2.6,5.6,1.4,1
5.3,3.7,1.5,0.2,0
5.0,3.4,1.6,0.4,0
7.7,3.0,6.1,2.3,2
5.2,2.7,3.9,1.4,1
4.353098283832298,3.0999812322065075,1.1,0.1,0
6.383450983736918,3.537863776865876,5.6,2.4,2
5.4,3.0,4.5,1.5,1
6.3,2.5,5.0,1.9,2
6.1,2.6,5.6,1.4,1
5.4,3.7,1.5,0.2,0
4.9,3.1,1.5,0.1,0
4.9,2.5,4.5,1.7,1
7.3,2.9,6.3,1.8,2
5.7,2.8,4.5,1.3,1
5.2,2.7,3.9,1.4,1
7.008430897186538,3.1578422976219622,5.4,2.1,2
5.5,4.2,1.4,0.2,0
7.986648620533839,3.9039615733173143,6.4,2.0,2
5.7,3.8,1.7,0.3,0
6.7,3.0,5.0,1.7,2
6.9,3.1,5.1,2.3,2
5.7,2.9,4.2,1.3,1
5.6,2.8,4.9,2.0,2
5.9,3.0,4.2,1.5,1
6.1,2.9,4.7,1.4,1
7.2,3.6,6.1,2.5,2
5.155585048501392,3.5610695961193946,1.4,0.2,0
5.136861272031121,3.729144947489029,1.4,0.2,0
4.6,3.4,1.4,0.3,0
6.808203814835772,3.395909834973514,5.7,2.1,2
4.9,2.5,4.5,1.7,1
5.0,3.6,1.4,0.2,0
5.3,3.7,1.5,0.2,0
5.4,3.9,1.7,0.4,0
5.1,3.4,1.5,0.2,0
5.0,3.6,1.4,0.2,0
5.0,2.0,3.5,1.0,1
6.7,3.0,5.2,2.3,2
6.3,2.9,5.6,1.8,2
6.7,3.1,4.7,1.5,1
5.7,4.4,1.5,0.4,0
5.8,4.0,1.2,0.2,0
5.5,4.2,1.4,0.2,0
5.9,3.0,4.2,1.5,1
6.7,3.1,5.6,2.4,2
5.6,2.5,3.9,1.1,1
5.5,2.4,3.7,1.0,1
5.2,3.4,1.4,0.2,0
6.3,2.7,4.9,1.8,2
5.17985744348269,3.859531813244667,1.6,0.2,0
6.0621387385109164,2.2524529738195485,5.0,1.5,1
5.705860779499552,2.930113686605292,4.9,2.0,2
5.095893190990448,3.1181999231787425,1.6,0.2,0
5.8,2.7,5.1,1.9,2
5.6,3.0,4.1,1.3,1
6.0,2.7,5.1,1.6,1
5.1,3.8,1.6,0.2,0
6.5,3.0,5.8,2.2,2
5.6,3.0,4.5,1.5,1
6.4,2.8,5.6,2.1,2
4.3,3.0,1.1,0.1,0
6.11802351294197,2.7741317478523646,5.1,1.6,1
4.9,2.4,3.3,1.0,1
6.7,3.1,5.6,2.4,2
6.35670158724233,2.5828740901334593,5.0,1.9,2
5.194599238660498,3.850822615774318,1.9,0.4,0
4.8,3.0,1.4,0.1,0
5.1,3.4,1.5,0.2,0
5.309573765493314,4.173217095368437,1.5,0.1,0
5.9,3.2,4.8,1.8,2
4.7,3.2,1.3,0.2,0
5.5,2.4,3.7,1.0,1
5.4,3.9,1.7,0.4,0
5.1,3.7,1.5,0.4,0
5.8,2.7,3.9,1.2,1
5.4,3.9,1.7,0.4,0
7.2,3.2,6.0,1.8,2
4.6,3.4,1.4,0.3,0
6.0,3.4,4.5,1.6,1
6.9,3.2,5.7,2.3,2
6.1,2.8,4.7,1.2,1
5.6937135453774586,2.7985550830297843,4.2,1.3,1
6.0,2.7,5.1,1.6,1
5.5,2.4,3.7,1.0,1
6.0,2.7,5.1,1.6,1
5.0,3.6,1.4,0.2,0
6.098100585252539,2.323142387169224,4.0,1.0,1
5.0,3.4,1.6,0.4,0
5.4,3.7,1.5,0.2,0
5.8,2.7,5.1,1.9,2
6.0,2.2,5.0,1.5,1
6.0,2.9,4.5,1.5,1
5.2,2.7,3.9,1.4,1
6.3,2.3,4.4,1.3,1
6.433299679013215,2.8082661945481613,4.9,1.8,2
5.8,4.0,1.2,0.2,0
5.5,3.5,1.3,0.2,0
5.1,3.8,1.6,0.2,0
6.3,2.3,4.4,1.3,1
4.8,3.4,1.6,0.2,0
4.928522481922833,3.0681790534372597,1.4,0.3,0
6.775943076124023,3.096414851400077,5.2,2.3,2
6.5,3.0,5.2,2.0,2
7.2,3.2,6.0,1.8,2
6.013672518319305,3.2592951432937847,4.8,1.8,2
6.0,2.7,5.1,1.6,1
5.8,2.7,4.1,1.0,1
6.0,2.9,4.5,1.5,1
4.8,3.0,1.4,0.3,0
4.8,3.1,1.6,0.2,0
4.7,3.2,1.6,0.2,0
5.8,2.7,5.1,1.9,2
5.9,3.0,5.1,1.8,2
6.1,3.0,4.6,1.4,1
5.6,2.8,4.9,2.0,2
6.1,2.8,4.7,1.2,1
6.2,3.4,5.4,2.3,2
5.7,3.8,1.7,0.3,0
5.5,2.5,4.0,1.3,1
4.9,3.6,1.4,0.1,0
6.711056365578973,2.9590712202618645,4.6,1.3,1
6.1,2.6,5.6,1.4,1
6.9,3.1,4.9,1.5,1
4.873203079737228,3.549812275918959,1.9,0.2,0
5.9,3.0,5.1,1.8,2
6.1,2.8,4.7,1.2,1
6.788402680060392,2.6223777040368548,5.8,1.8,2
6.3,3.4,5.6,2.4,2
4.4,3.2,1.3,0.2,0
6.7,3.0,5.2,2.3,2
5.4,3.9,1.7,0.4,0
5.5,2.3,4.0,1.3,1
6.8,3.2,5.9,2.3,2
5.234421733454714,2.56085253286307,3.0,1.1,1
4.9,3.1,1.5,0.2,0
6.536005502059646,3.2871055039587027,5.3,2.3,2
6.7,3.1,4.4,1.4,1
6.7,3.1,5.6,2.4,2
6.8,3.2,5.9,2.3,2
6.0,2.2,5.0,1.5,1
4.6728238352705365,3.276024692618857,1.4,0.2,0
6.0,2.7,5.1,1.6,1
6.3,2.9,5.6,1.8,2
5.4,3.4,1.7,0.2,0
5.5,2.6,4.4,1.2,1
6.1,2.9,4.7,1.4,1
6.3,2.5,5.0,1.9,2
5.4,3.0,4.5,1.5,1
5.0,3.3,1.4,0.2,0
5.5,2.5,4.0,1.3,1
5.8,2.7,5.1,1.9,2
7.2,3.6,6.1,2.5,2
4.9,2.5,4.5,1.7,1
5.1,2.5,3.0,1.1,1
6.3,2.8,5.1,1.5,1
6.469426929701405,3.303134458780864,5.3,2.3,2
6.7,3.1,4.7,1.5,1
4.9,2.4,3.3,1.0,1
5.4,3.4,1.7,0.2,0
6.515962154792654,2.771288697913721,5.3,1.9,2
6.1,2.8,4.7,1.2,1
6.0,2.7,5.1,1.6,1
4.4,3.2,1.3,0.2,0
6.4,2.8,5.6,2.1,2
4.3,3.0,1.1,0.1,0
6.5,3.0,5.8,2.2,2
5.8,4.0,1.2,0.2,0
5.54338300476901,4.034010793536955,1.7,0.4,0
5.6,2.9,3.6,1.3,1
6.011994251939244,3.076262095571163,4.2,1.5,1
5.1,3.8,1.6,0.2,0
4.6,3.2,1.4,0.2,0
5.936093507582677,2.7849362049845174,5.1,1.9,2
5.0,3.4,1.6,0.4,0
6.7,3.1,4.4,1.4,1
6.3,3.3,4.7,1.6,1
6.0,3.0,4.8,1.8,2
5.0,3.5,1.6,0.6,0
5.6,2.7,4.2,1.3,1
6.7,3.3,5.7,2.5,2
5.7,4.4,1.5,0.4,0
6.434735968905568,3.4065351837368003,4.7,1.6,1
6.4,3.1,5.5,1.8,2
6.7,3.3,5.7,2.5,2
4.694953069140082,3.303121321602082,1.4,0.2,0
6.4,2.8,5.6,2.1,2
6.2,2.8,4.8,1.8,2
4.5,2.3,1.3,0.3,0
5.4,3.9,1.3,0.4,0
6.1,2.8,4.7,1.2,1
6.1,2.8,4.7,1.2,1
5.5,2.4,3.7,1.0,1
5.135579986117121,3.2572485671844036,1.2,0.2,0
6.656671684135065,2.958365936148284,4.6,1.3,1
4.6,3.2,1.4,0.2,0
5.4,3.4,1.7,0.2,0
6.7,3.0,5.0,1.7,2
5.2,3.5,1.5,0.2,0
5.4,3.4,1.7,0.2,0
4.9,2.4,3.3,1.0,1
5.4,3.0,4.5,1.5,1
6.5,2.8,4.6,1.5,1
6.7,3.0,5.2,2.3,2
4.5161085180211815,3.0819005995832494,1.3,0.2,0
4.9,3.1,1.5,0.1,0
5.4,3.9,1.3,0.4,0
5.912375653631743,2.8243627990385285,5.1,1.9,2
6.809667969786409,3.2145206556546952,4.4,1.4,1
6.362687331043037,2.8171261057352295,4.9,1.8,2
4.9,3.0,1.4,0.2,0
5.033562059145422,2.52469366459053,3.3,1.0,1
7.730563214817453,3.1406178491573233,6.6,2.1,2
5.5,2.4,3.8,1.1,1
7.2,3.6,6.1,2.5,2
6.3,2.5,5.0,1.9,2
4.6,3.2,1.4,0.2,0
6.3,2.5,5.0,1.9,2
5.1,3.5,1.4,0.2,0
5.061720917581215,3.3143848106788774,1.2,0.2,0
6.4,2.7,5.3,1.9,2
5.009280651138844,3.088297188643235,1.4,0.2,0
5.4,3.9,1.7,0.4,0
6.5,3.0,5.2,2.0,2
6.1,2.8,4.7,1.2,1
5.0,3.4,1.5,0.2,0
5.3,3.7,1.5,0.2,0
6.7,2.5,5.8,1.8,2
5.4,3.4,1.5,0.4,0
4.7,3.2,1.3,0.2,0
4.9,3.1,1.5,0.1,0
4.9,3.6,1.4,0.1,0
6.0,2.7,5.1,1.6,1
5.6,2.5,3.9,1.1,1
5.4,3.7,1.5,0.2,0
4.6,3.6,1.0,0.2,0
5.7,2.5,5.0,2.0,2
5.3976548649290885,3.849094194876491,1.5,0.2,0
5.198428533615922,3.7854555610535976,1.5,0.4,0
6.771686028645039,3.128714126697382,5.2,2.3,2
5.6,3.0,4.5,1.5,1
6.9,3.2,5.7,2.3,2
4.6,3.1,1.5,0.2,0
6.9,3.1,4.9,1.5,1
7.3,2.9,6.3,1.8,2
4.4,3.0,1.3,0.2,0
5.2,3.4,1.4,0.2,0
6.1,2.8,4.0,1.3,1
7.0,3.2,4.7,1.4,1
4.8,3.4,1.6,0.2,0
4.8,3.4,1.9,0.2,0
6.7,3.3,5.7,2.5,2
5.5,3.5,1.3,0.2,0
5.8,4.0,1.2,0.2,0
6.5,3.0,5.8,2.2,2
6.0,3.0,4.8,1.8,2
5.5,3.5,1.3,0.2,0
5.6,2.7,4.2,1.3,1
6.4,2.7,5.3,1.9,2
6.1,2.8,4.7,1.2,1
4.9,3.1,1.5,0.2,0
6.1,3.0,4.9,1.8,2
5.200208263241748,3.474104642441278,1.5,0.2,0
6.04887336612615,3.2850605995668922,4.8,1.8,2
6.476174359364045,2.9051126674308385,5.6,2.1,2
5.0,3.0,1.6,0.2,0
4.8,3.4,1.6,0.2,0
5.1,3.8,1.6,0.2,0
6.521262218092652,2.812863403684422,5.3,1.9,2
6.596695109569501,2.8961290345750537,4.6,1.5,1
6.824376568251713,3.387833029422299,5.7,2.1,2
5.1,3.8,1.9,0.4,0
6.0,2.7,5.1,1.6,1
6.3,3.4,5.6,2.4,2
6.0,2.2,4.0,1.0,1
4.8,3.0,1.4,0.1,0
7.1,3.0,5.9,2.1,2
6.7910388182929875,3.4065461054194315,5.7,2.5,2
6.380381469139152,2.8918280319834353,5.1,1.5,1
6.5,3.0,5.2,2.0,2
6.0,2.7,5.1,1.6,1
4.9,3.1,1.5,0.1,0
5.4,3.9,1.3,0.4,0
7.6,3.0,6.6,2.1,2
4.6,3.4,1.4,0.3,0
5.5,4.2,1.4,0.2,0
5.9,3.0,4.2,1.5,1
5.5,2.6,4.4,1.2,1
6.964679486206461,3.1761531982048097,5.4,2.1,2
6.694845076854356,2.9945012956197656,4.6,1.3,1
5.0,3.5,1.6,0.6,0
6.589085132458639,2.875651965215454,4.6,1.5,1
7.2,3.2,6.0,1.8,2
6.4,3.1,5.5,1.8,2
4.4,3.0,1.3,0.2,0
7.2,3.0,5.8,1.6,2
5.4,3.7,1.5,0.2,0
5.0,3.4,1.5,0.2,0
5.1,3.5,1.4,0.2,0
7.4,2.8,6.1,1.9,2
6.876050543653346,3.346738374670939,5.9,2.3,2
6.2,2.8,4.8,1.8,2
5.4,3.4,1.7,0.2,0
6.7,2.5,5.8,1.8,2
6.0,2.2,4.0,1.0,1
6.7,3.3,5.7,2.1,2
5.1,3.8,1.9,0.4,0
5.1,3.8,1.6,0.2,0
5.1,3.8,1.5,0.3,0
6.4,3.2,5.3,2.3,2
4.3,3.0,1.1,0.1,0
4.4,2.9,1.4,0.2,0
7.1,3.0,5.9,2.1,2
5.949237006470943,2.9320524008072977,5.1,2.4,2
6.4,3.2,5.3,2.3,2
5.2,3.5,1.5,0.2,0
5.7,2.8,4.5,1.3,1
4.9,3.6,1.4,0.1,0
4.8,3.4,1.9,0.2,0
5.7,2.8,4.5,1.3,1
5.8,2.7,5.1,1.9,2
6.6,3.0,4.4,1.4,1
5.4,3.9,1.3,0.4,0
7.3,2.9,6.3,1.8,2
5.8,2.6,4.0,1.2,1
4.6,3.2,1.4,0.2,0
7.7,3.8,6.7,2.2,2
6.4,3.2,5.3,2.3,2
6.6,2.9,4.6,1.3,1
6.9,3.2,5.7,2.3,2
5.8,4.0,1.2,0.2,0
6.0644466103017995,2.3454055167122982,5.0,1.5,1
6.636853596076402,3.336748152351353,5.1,2.0,2
7.2,3.0,5.8,1.6,2
4.7,3.2,1.6,0.2,0
5.0,3.0,1.6,0.2,0
6.594930808062865,3.112408644946436,5.5,1.8,2
5.188463738401976,3.519649052372743,1.5,0.2,0
5.1,3.7,1.5,0.4,0
5.7,2.5,5.0,2.0,2
5.0,3.6,1.4,0.2,0
4.4,3.2,1.3,0.2,0
6.22984830041552,2.6519979593137144,5.6,1.4,1
7.7,3.8,6.7,2.2,2
5.7,2.6,3.5,1.0,1
6.773557609368888,3.2090012283215508,5.6,2.4,2
6.3447006264695744,2.917054006942349,4.8,1.8,2
6.0,2.9,4.5,1.5,1
5.7,4.4,1.5,0.4,0
6.9,3.1,5.1,2.3,2
6.3,2.8,5.1,1.5,1
6.0,2.2,4.0,1.0,1
5.8,2.8,5.1,2.4,2
5.5,2.5,4.0,1.3,1
5.1,3.8,1.5,0.3,0
5.1,3.8,1.5,0.3,0
6.0,2.2,5.0,1.5,1
4.506522108096913,2.9626400224938236,1.4,0.2,0
7.2,3.6,6.1,2.5,2
5.7,3.8,1.7,0.3,0
4.475254121577779,3.346975096171213,1.3,0.2,0
6.4,2.8,5.6,2.2,2
5.1,3.8,1.9,0.4,0
4.7,3.2,1.6,0.2,0
6.8,3.2,5.9,2.3,2
6.3,2.9,5.6,1.8,2
6.5,3.0,5.8,2.2,2
6.658821983519759,3.068120591138387,4.4,1.4,1
6.6114516544748865,2.858513267811238,4.6,1.5,1
5.5,2.6,4.4,1.2,1
4.9,2.5,4.5,1.7,1
4.4,3.2,1.3,0.2,0
5.7,2.6,3.5,1.0,1
4.8,3.4,1.9,0.2,0
5.81185264426198,2.878519924870719,4.1,1.3,1
6.7,2.5,5.8,1.8,2
6.7,3.1,5.6,2.4,2
7.4,2.8,6.1,1.9,2
6.420585088940258,2.5620713560648665,5.0,1.9,2
7.4,2.8,6.1,1.9,2
4.7,3.2,1.6,0.2,0
6.9,3.1,4.9,1.5,1
6.3,2.5,4.9,1.5,1
4.4,3.0,1.3,0.2,0
5.161565065250023,2.5701186504757736,3.0,1.1,1
6.4,3.2,5.3,2.3,2
6.3,3.3,4.7,1.6,1
5.7,2.9,4.2,1.3,1
6.7,3.0,5.2,2.3,2
5.1,3.8,1.9,0.4,0
5.9,3.0,4.2,1.5,1
6.3,2.3,4.4,1.3,1
5.6,2.8,4.9,2.0,2
6.2,2.8,4.8,1.8,2
7.7,3.8,6.7,2.2,2
4.874560752928296,3.056550971011795,1.4,0.3,0
5.0,3.3,1.4,0.2,0
6.2,2.2,4.5,1.5,1
6.9,3.2,5.7,2.3,2
6.7,3.0,5.2,2.3,2
7.215878092061991,3.120427283661936,5.9,2.1,2
5.2,2.7,3.9,1.4,1
6.3,2.8,5.1,1.5,1
5.1,3.8,1.6,0.2,0
6.9,3.1,5.1,2.3,2
6.0,2.2,4.0,1.0,1
6.234478793623014,2.9346054477008026,4.0,1.3,1
6.4,2.7,5.3,1.9,2
5.2,4.1,1.5,0.1,0
5.8,2.8,5.1,2.4,2
6.4,2.8,5.6,2.1,2
5.6,3.0,4.1,1.3,1
7.049483522887705,3.152641101703191,4.9,1.5,1
5.5,2.3,4.0,1.3,1
4.431409344518423,3.110395113301548,1.1,0.1,0
6.3,3.3,6.0,2.5,2
6.3,2.5,5.0,1.9,2
5.5,2.6,4.4,1.2,1
6.4165110982318465,2.3631204615616146,4.4,1.3,1
6.7,3.3,5.7,2.1,2
5.0,3.5,1.3,0.3,0
5.8,2.7,5.1,1.9,2
7.7,3.8,6.7,2.2,2
6.506884573009783,3.1525906844439646,5.5,1.8,2
4.8,3.0,1.4,0.3,0
6.1,2.8,4.0,1.3,1
6.5,2.8,4.6,1.5,1
4.8,3.0,1.4,0.1,0
5.174267056472091,3.9089232027964393,1.9,0.4,0
5.7,2.9,4.2,1.3,1
6.869503459313452,2.870585850961259,4.8,1.4,1
7.4,2.8,6.1,1.9,2
6.3,3.4,5.6,2.4,2
6.5,3.0,5.2,2.0,2
6.0,2.2,4.0,1.0,1
4.3,3.0,1.1,0.1,0
6.3,3.3,4.7,1.6,1
6.8,3.0,5.5,2.1,2
6.4,2.8,5.6,2.2,2
6.10356328359776,3.463573656069341,4.5,1.6,1
7.9,3.8,6.4,2.0,2
7.6,3.0,6.6,2.1,2
5.2,3.5,1.5,0.2,0
5.946989652267528,2.690797995164489,4.0,1.2,1
5.0,3.6,1.4,0.2,0
6.2,2.2,4.5,1.5,1
7.3,2.9,6.3,1.8,2
4.9,2.4,3.3,1.0,1
5.8,4.0,1.2,0.2,0
5.1,2.5,3.0,1.1,1
5.8,2.7,3.9,1.2,1
5.7,4.4,1.5,0.4,0
5.4,3.0,4.5,1.5,1
7.2,3.6,6.1,2.5,2
6.1,3.0,4.9,1.8,2
6.7,3.0,5.2,2.3,2
5.5,2.5,4.0,1.3,1
5.1,3.8,1.9,0.4,0
6.8,3.2,5.9,2.3,2
5.7,2.5,5.0,2.0,2
4.4,3.2,1.3,0.2,0
7.7,2.8,6.7,2.0,2
5.4,3.9,1.7,0.4,0
6.3,2.5,4.9,1.5,1
6.3,2.8,5.1,1.5,1
5.5,2.4,3.7,1.0,1
4.9,3.1,1.5,0.1,0
5.4,3.4,1.5,0.4,0
5.068269312792629,3.703691324376904,1.4,0.2,0
4.3,3.0,1.1,0.1,0
6.29539929809031,2.296509944500196,4.5,1.5,1
5.7,3.0,4.2,1.2,1
5.9,3.0,5.1,1.8,2
6.361275895737456,2.364814428807222,4.4,1.3,1
6.3,3.3,4.7,1.6,1
4.6,3.1,1.5,0.2,0
5.641350018413814,2.3778739592126406,4.0,1.3,1
6.0,2.7,5.1,1.6,1
4.548311811437781,3.1446562153219055,1.3,0.2,0
4.9,3.0,1.4,0.2,0
4.6,3.4,1.4,0.3,0
4.4,2.9,1.4,0.2,0
5.552917326613085,2.6574967054146574,4.4,1.2,1
5.8,2.7,5.1,1.9,2
5.6,3.0,4.5,1.5,1
4.860234890334444,3.070934972150186,1.4,0.3,0
5.9,3.0,5.1,1.8,2
6.2,2.8,4.8,1.8,2
6.7,3.1,4.4,1.4,1
5.8,2.7,5.1,1.9,2
6.0,2.2,4.0,1.0,1
6.0,3.4,4.5,1.6,1
6.762149236279873,3.373451058936732,5.7,2.1,2
5.6791060657468035,3.1429627534863984,4.1,1.3,1
7.472615935364621,2.942620817155168,6.1,1.9,2
5.7,2.5,5.0,2.0,2
5.373543660175516,3.7561925178762214,1.5,0.2,0
5.5,2.3,4.0,1.3,1
4.8,3.0,1.4,0.1,0
5.137942099533418,3.7174329271117106,1.4,0.2,0
6.2,2.9,4.3,1.3,1
4.8,3.4,1.6,0.2,0
4.9,3.1,1.5,0.2,0
6.1,2.8,4.0,1.3,1
6.842248247706018,3.404285616347553,5.7,2.1,2
5.8,2.7,3.9,1.2,1
6.0,2.7,5.1,1.6,1
7.4,2.8,6.1,1.9,2
6.8,3.2,5.9,2.3,2
6.5,3.2,5.1,2.0,2
4.9,3.1,1.5,0.1,0
6.1,2.8,4.7,1.2,1
7.7,3.8,6.7,2.2,2
4.6,3.2,1.4,0.2,0
7.9,3.8,6.4,2.0,2
5.1,3.8,1.9,0.4,0
4.7,3.2,1.3,0.2,0
5.8,2.6,4.0,1.2,1
5.5,2.4,3.7,1.0,1
6.3,2.5,5.0,1.9,2
6.4,2.8,5.6,2.2,2
6.2,2.9,4.3,1.3,1
6.2,2.2,4.5,1.5,1
5.2,3.5,1.5,0.2,0
6.3,3.4,5.6,2.4,2
6.5,3.2,5.1,2.0,2
5.5,3.5,1.3,0.2,0
6.4,2.8,5.6,2.2,2
5.2,4.1,1.5,0.1,0
6.8,3.0,5.5,2.1,2
6.5,2.8,4.6,1.5,1
5.4,3.4,1.7,0.2,0
4.9,3.1,1.5,0.2,0
5.4,3.4,1.5,0.4,0
5.160666610978959,3.6262194371967014,1.4,0.3,0
6.3,3.3,6.0,2.5,2
4.9,2.5,4.5,1.7,1
5.0,2.0,3.5,1.0,1
5.1,3.5,1.4,0.2,0
6.0,2.9,4.5,1.5,1
5.22974627829265,2.581341004712286,3.0,1.1,1
5.6,2.9,3.6,1.3,1
5.368942196990714,3.7644964412770863,1.5,0.2,0
5.0,3.4,1.5,0.2,0
5.5,2.4,3.7,1.0,1
6.3,2.5,5.0,1.9,2
6.0,3.0,4.8,1.8,2
6.1,2.6,5.6,1.4,1
5.71868564230255,3.0775162481612144,4.1,1.3,1
5.0,3.5,1.3,0.3,0
5.0,3.5,1.3,0.3,0
6.276819374172304,3.482694059009311,5.4,2.3,2
5.8,2.7,3.9,1.2,1
6.5,3.0,5.2,2.0,2
6.7,3.0,5.0,1.7,2
6.0,2.7,5.1,1.6,1
6.4,2.8,5.6,2.2,2
6.8,2.8,4.8,1.4,1
7.3,2.9,6.3,1.8,2
7.7,3.8,6.7,2.2,2
5.482182780468943,3.838218975471552,1.5,0.2,0
5.7,4.4,1.5,0.4,0
5.1,3.3,1.7,0.5,0
5.8,2.7,5.1,1.9,2
5.34057110912404,3.5083313620111207,1.4,0.2,0
7.2,3.6,6.1,2.5,2
4.4,2.9,1.4,0.2,0
7.7,3.0,6.1,2.3,2
4.832954688481292,3.3399865243938334,1.3,0.2,0
6.3,2.8,5.1,1.5,1
5.9,3.0,5.1,1.8,2
6.7,3.3,5.7,2.1,2
6.3,2.7,4.9,1.8,2
6.8,3.2,5.9,2.3,2
6.0,2.2,5.0,1.5,1
6.776687963746805,3.36522677382461,5.7,2.1,2
6.5,3.0,5.5,1.8,2
6.3,2.7,4.9,1.8,2
6.0,2.9,4.5,1.5,1
5.178992127669411,3.847536433931754,1.5,0.4,0
5.1,3.4,1.5,0.2,0
6.906614536293898,2.9115796599666988,4.8,1.4,1
5.9,3.2,4.8,1.8,2
4.9,3.1,1.5,0.2,0
5.0,3.2,1.2,0.2,0
4.3,3.0,1.1,0.1,0
5.608804827062755,3.6415431192760166,1.3,0.2,0
5.071578805710726,3.5426309071578945,1.6,0.4,0
5.703654634105065,3.0902348360625354,4.1,1.3,1
5.6,3.0,4.1,1.3,1
7.9,3.8,6.4,2.0,2
5.5,2.4,3.7,1.0,1
6.1,2.6,5.6,1.4,1
5.0,3.5,1.3,0.3,0
5.5,3.5,1.3,0.2,0
5.5,4.2,1.4,0.2,0
6.6002514486389146,3.085711249282536,5.2,2.0,2
5.4,3.4,1.5,0.4,0
6.2,2.2,4.5,1.5,1
5.7,2.8,4.5,1.3,1
6.5,3.2,5.1,2.0,2
5.1,3.3,1.7,0.5,0
5.0,3.6,1.4,0.2,0
4.4,3.2,1.3,0.2,0
4.9,3.6,1.4,0.1,0
5.1,3.5,1.4,0.3,0
7.2,3.0,5.8,1.6,2
5.5,2.5,4.0,1.3,1
5.5,2.4,3.7,1.0,1
6.4,2.8,5.6,2.1,2
6.579852285764695,3.0917008123648224,5.5,1.8,2
7.2,3.0,5.8,1.6,2
5.0,3.6,1.4,0.2,0
6.9,3.1,5.4,2.1,2
5.8,2.7,5.1,1.9,2
6.3,3.3,6.0,2.5,2
7.7,3.0,6.1,2.3,2
5.6,2.7,4.2,1.3,1
5.992175972549237,3.110474675108767,4.2,1.5,1
5.0,3.4,1.5,0.2,0
7.3,2.9,6.3,1.8,2
6.7,3.3,5.7,2.1,2
4.9,2.4,3.3,1.0,1
5.0,3.2,1.2,0.2,0
5.7,3.0,4.2,1.2,1
5.081510085606962,3.5151085963713125,1.6,0.4,0
6.2,2.8,4.8,1.8,2
6.435777688125068,2.776927448104864,4.9,1.8,2
6.3,2.9,5.6,1.8,2
5.0,3.2,1.2,0.2,0
7.344512990042013,3.331722866077341,6.0,1.8,2
5.7,3.8,1.7,0.3,0
5.1,3.5,1.4,0.3,0
6.258441714081892,3.524581101735265,5.4,2.3,2
5.6,3.0,4.1,1.3,1
5.2715202073469625,3.4932380470049345,1.4,0.2,0
4.5,2.3,1.3,0.3,0
7.6,3.0,6.6,2.1,2
5.630593269110361,2.725022589500621,4.4,1.2,1
5.2,3.5,1.5,0.2,0
4.8,3.0,1.4,0.3,0
5.5,4.2,1.4,0.2,0
6.3,2.8,5.1,1.5,1
5.4,3.7,1.5,0.2,0
4.6,3.6,1.0,0.2,0
7.7,3.8,6.7,2.2,2
6.1896738951893635,2.905673331784464,4.0,1.3,1
6.3,3.3,6.0,2.5,2
5.843192093373171,4.469439013357604,1.5,0.4,0
6.894232094750215,3.1014337520333366,5.5,2.1,2
5.4,3.7,1.5,0.2,0
6.2,2.8,4.8,1.8,2
5.608086434641801,3.570592341109509,1.3,0.2,0
5.6,3.0,4.1,1.3,1
5.8,2.7,5.1,1.9,2
6.0,2.2,4.0,1.0,1
6.3,3.3,4.7,1.6,1
5.1,3.5,1.4,0.2,0
5.1,3.4,1.5,0.2,0
6.7,3.3,5.7,2.5,2
7.7,3.0,6.1,2.3,2
5.9,3.0,5.1,1.8,2
6.7,3.1,5.6,2.4,2
5.209780731812738,2.6103620297659833,3.0,1.1,1
5.1,3.5,1.4,0.3,0
6.572299776499586,3.1400146221654754,5.5,1.8,2
6.9,3.1,5.1,2.3,2
4.3,3.0,1.1,0.1,0
4.9,3.1,1.5,0.2,0
6.0,3.4,4.5,1.6,1
5.9,3.2,4.8,1.8,2
5.6,2.8,4.9,2.0,2
5.0,3.3,1.4,0.2,0
5.5,2.4,3.8,1.1,1
5.0,3.3,1.4,0.2,0
6.2,2.2,4.5,1.5,1
5.8,2.7,3.9,1.2,1
4.4,3.2,1.3,0.2,0
5.8,2.8,5.1,2.4,2
6.1,2.8,4.0,1.3,1
6.7,3.3,5.7,2.5,2
5.1,3.8,1.6,0.2,0
5.681886554924762,3.0432610296804765,3.6,1.3,1
5.4,3.9,1.3,0.4,0
4.9,3.6,1.4,0.1,0
6.3,2.8,5.1,1.5,1
7.7,3.8,6.7,2.2,2
5.4877894121427016,3.510568175833429,1.7,0.2,0
5.614243584824445,4.258641654578834,1.4,0.2,0
5.2,3.5,1.5,0.2,0
4.8,3.0,1.4,0.1,0
6.0,3.4,4.5,1.6,1
5.1,3.3,1.7,0.5,0
4.9,3.1,1.5,0.2,0
5.0,3.4,1.6,0.4,0
6.5,2.8,4.6,1.5,1
6.8,3.0,5.5,2.1,2
5.247257710822241,3.487687478937527,1.5,0.2,0
6.8,3.2,5.9,2.3,2
5.7,2.8,4.1,1.3,1
5.0,2.0,3.5,1.0,1
7.2,3.2,6.0,1.8,2
6.5,3.0,5.8,2.2,2
6.7,3.0,5.2,2.3,2
5.5,2.3,4.0,1.3,1
7.3,2.9,6.3,1.8,2
7.0398171914995125,3.181403816247367,5.1,2.3,2
5.2,3.4,1.4,0.2,0
6.5,3.0,5.2,2.0,2
4.52796063944738,3.0998032015825276,1.3,0.2,0
5.0,2.3,3.3,1.0,1
7.4,2.8,6.1,1.9,2
6.3,2.3,4.4,1.3,1
5.0,2.3,3.3,1.0,1
5.4,3.0,4.5,1.5,1
6.1,2.8,4.7,1.2,1
5.0,2.0,3.5,1.0,1
6.242234626110387,3.1067252485370505,4.6,1.4,1
7.7,2.8,6.7,2.0,2
6.7,3.1,4.4,1.4,1
5.2,3.4,1.4,0.2,0
4.9,3.0,1.4,0.2,0
6.8,3.0,5.5,2.1,2
4.7,3.2,1.6,0.2,0
5.155213121912153,3.7688090561255847,1.5,0.4,0
5.7,2.5,5.0,2.0,2
7.2,3.0,5.8,1.6,2
6.9,3.1,5.4,2.1,2
6.8,3.0,5.5,2.1,2
6.3,3.4,5.6,2.4,2
7.38553094879502,3.046379992195704,6.3,1.8,2
5.1138504654383095,3.5637563405288857,1.3,0.3,0
4.9,3.1,1.5,0.2,0
5.1,3.8,1.9,0.4,0
5.0,3.3,1.4,0.2,0
5.499568379758175,4.023636633047092,1.3,0.4,0
5.0,3.6,1.4,0.2,0
5.847571357896244,2.579036362887554,5.0,2.0,2
7.7,2.8,6.7,2.0,2
6.98550624790782,3.1538790511316095,5.1,2.3,2
7.9,3.8,6.4,2.0,2
6.44965172757553,3.3815526488677237,4.7,1.6,1
5.1,3.8,1.9,0.4,0
4.8,3.4,1.9,0.2,0
4.4,2.9,1.4,0.2,0
5.2,2.7,3.9,1.4,1
5.7,3.0,4.2,1.2,1
4.6,3.2,1.4,0.2,0
6.720859741433091,3.1353348352939205,4.4,1.4,1
5.139432467885763,3.598284418561743,1.6,0.6,0
4.5,2.3,1.3,0.3,0
6.3,3.4,5.6,2.4,2
4.8,3.1,1.6,0.2,0
5.7,2.9,4.2,1.3,1
6.2,2.2,4.5,1.5,1
5.2,2.7,3.9,1.4,1
6.887161726147932,3.0576654628552813,5.5,2.1,2
7.9,3.8,6.4,2.0,2
5.8,2.7,5.1,1.9,2
4.8,3.0,1.4,0.1,0
7.9,3.8,6.4,2.0,2
7.4,2.8,6.1,1.9,2
5.4,3.4,1.7,0.2,0
5.4,3.7,1.5,0.2,0
6.4,3.2,5.3,2.3,2
5.7,2.8,4.5,1.3,1
5.5,2.4,3.7,1.0,1
5.0,2.3,3.3,1.0,1
6.4,3.2,5.3,2.3,2
5.0,3.5,1.3,0.3,0
5.5,3.5,1.3,0.2,0
5.0,2.0,3.5,1.0,1
5.8,2.7,3.9,1.2,1
4.8,3.0,1.4,0.3,0
4.3,3.0,1.1,0.1,0
5.7,2.6,3.5,1.0,1
5.2,4.1,1.5,0.1,0
6.1,3.0,4.9,1.8,2
6.6,2.9,4.6,1.3,1
5.7,2.5,5.0,2.0,2
5.883595541734936,2.9037678379919836,5.1,2.4,2
6.7,3.0,5.0,1.7,2
7.087935248589818,3.3296296198980233,4.7,1.4,1
5.2,2.7,3.9,1.4,1
4.5,2.3,1.3,0.3,0
5.0,3.4,1.6,0.4,0
5.1,3.8,1.9,0.4,0
7.682767457138377,3.067722372737762,6.6,2.1,2
6.5,3.0,5.8,2.2,2
5.02993088707957,3.103590304692747,1.4,0.2,0
5.4659490322641675,3.463123527029928,1.7,0.2,0
5.4,3.9,1.7,0.4,0
4.9,3.1,1.5,0.2,0
5.915494260780466,2.892116384370891,5.1,2.4,2
7.7,3.0,6.1,2.3,2
4.8,3.0,1.4,0.1,0
5.8,4.0,1.2,0.2,0
5.779099015750358,2.6061544506912786,5.0,2.0,2
4.6,3.2,1.4,0.2,0
5.8,2.7,5.1,1.9,2
5.0,2.3,3.3,1.0,1
5.6,2.7,4.2,1.3,1
4.7,3.2,1.3,0.2,0
7.288313329095979,3.7064392809020665,6.1,2.5,2
5.0,3.4,1.5,0.2,0
6.5,3.0,5.5,1.8,2
5.8,4.0,1.2,0.2,0
6.1,2.8,4.0,1.3,1
4.6,3.1,1.5,0.2,0
5.5,2.5,4.0,1.3,1
6.7,3.1,5.6,2.4,2
6.3,3.3,4.7,1.6,1
7.2,3.6,6.1,2.5,2
6.2,2.2,4.5,1.5,1
6.142349247032025,2.2557649411608423,5.0,1.5,1
6.3,2.5,4.9,1.5,1
7.254925610659584,3.338199984534889,6.0,1.8,2
4.9,2.5,4.5,1.7,1
6.3,3.4,5.6,2.4,2
6.2,2.8,4.8,1.8,2
4.8,3.1,1.6,0.2,0
4.8,3.0,1.4,0.1,0
6.1,2.8,4.7,1.2,1
4.7,3.2,1.6,0.2,0
6.3,2.7,4.9,1.8,2
6.6,3.0,4.4,1.4,1
7.1,3.0,5.9,2.1,2
4.8699653855979,3.135040506121188,1.4,0.1,0
6.6,2.9,4.6,1.3,1
6.4,2.8,5.6,2.2,2
7.0,3.2,4.7,1.4,1
5.7,4.4,1.5,0.4,0
5.0,3.4,1.6,0.4,0
6.7,2.5,5.8,1.8,2
7.762893401910115,3.0738147874188617,6.1,2.3,2
5.0,3.5,1.3,0.3,0
6.8,3.2,5.9,2.3,2
5.521496610910358,3.985850416858178,1.3,0.4,0
5.032424981670748,2.6097901408777306,4.5,1.7,1
5.1,3.8,1.5,0.3,0
6.418411011341713,2.3865185399735895,4.4,1.3,1
6.8,3.0,5.5,2.1,2
5.5,2.3,4.0,1.3,1
5.8,2.7,4.1,1.0,1
5.3352745026660475,3.4519204280272966,1.4,0.2,0
6.3,3.4,5.6,2.4,2
5.5,2.5,4.0,1.3,1
6.2,2.8,4.8,1.8,2
4.4,3.2,1.3,0.2,0
6.7,2.5,5.8,1.8,2
6.3,3.4,5.6,2.4,2
5.7,4.4,1.5,0.4,0
6.0,3.4,4.5,1.6,1
6.3103646627221845,2.857914769892458,4.8,1.8,2
5.7,2.8,4.1,1.3,1
5.8,2.6,4.0,1.2,1
4.6,3.4,1.4,0.3,0
6.030399826219307,3.095967664272491,4.2,1.5,1
6.496425089574958,2.9248183779266697,5.6,2.2,2
4.386186461600368,3.1499513228392004,1.1,0.1,0
4.9354038875700255,3.4807501451064304,1.9,0.2,0
5.1,3.3,1.7,0.5,0
6.471650320924119,3.3298206838871387,5.3,2.3,2
6.6,2.9,4.6,1.3,1
5.9,3.0,4.2,1.5,1
7.262048828333959,3.106976726799362,5.8,1.6,2
5.5,2.5,4.0,1.3,1
5.5,2.3,4.0,1.3,1
7.0,3.2,4.7,1.4,1
7.1,3.0,5.9,2.1,2
5.6,2.5,3.9,1.1,1
4.9,3.6,1.4,0.1,0
5.4,3.9,1.3,0.4,0
5.1,3.8,1.6,0.2,0
5.7,3.8,1.7,0.3,0
7.7,3.8,6.7,2.2,2
6.8,2.8,4.8,1.4,1
7.4,2.8,6.1,1.9,2
6.0,2.7,5.1,1.6,1
7.657863064503321,3.0750171198050076,6.6,2.1,2
6.6,3.0,4.4,1.4,1
5.0,2.0,3.5,1.0,1
6.2,2.2,4.5,1.5,1
5.5,2.4,3.7,1.0,1
5.5,2.5,4.0,1.3,1
5.6,2.5,3.9,1.1,1
5.2,2.7,3.9,1.4,1
6.3,2.8,5.1,1.5,1
5.0,2.3,3.3,1.0,1
4.9,2.5,4.5,1.7,1
7.6,3.0,6.6,2.1,2
6.186912772517564,3.126367209580533,4.9,1.8,2
6.3,2.9,5.6,1.8,2
6.1,3.0,4.9,1.8,2
5.0,3.5,1.3,0.3,0
6.2,2.8,4.8,1.8,2
5.2,3.5,1.5,0.2,0
6.2,2.9,4.3,1.3,1
6.3,3.3,4.7,1.6,1
6.4,2.8,5.6,2.1,2
5.7,3.0,4.2,1.2,1
4.8,3.4,1.9,0.2,0
5.4,3.9,1.3,0.4,0
5.214447595077025,3.6128467977240515,1.4,0.2,0
6.5,3.0,5.2,2.0,2
6.5,3.0,5.2,2.0,2
5.50520354847702,3.1398463939179186,4.5,1.5,1
7.2,3.2,6.0,1.8,2
4.4,2.9,1.4,0.2,0
4.7,3.2,1.3,0.2,0
4.6,3.4,1.4,0.3,0
5.063370639137248,2.122363942698957,3.5,1.0,1
5.30247242620037,3.546932032429496,1.4,0.2,0
4.4,2.9,1.4,0.2,0
5.4,3.4,1.7,0.2,0
5.1,2.5,3.0,1.1,1
5.124417290629073,3.4475992914250444,1.4,0.2,0
4.7,3.2,1.3,0.2,0
5.641466368959686,2.427501801377744,4.0,1.3,1
7.7,2.6,6.9,2.3,2
5.6,2.8,4.9,2.0,2
6.8,3.2,5.9,2.3,2
5.5,2.3,4.0,1.3,1
6.9,3.2,5.7,2.3,2
6.641133600927057,2.9164935123677975,4.6,1.5,1
5.3,3.7,1.5,0.2,0
6.1,2.8,4.0,1.3,1
6.6,2.9,4.6,1.3,1
5.7,3.0,4.2,1.2,1
6.5,3.2,5.1,2.0,2
4.4,3.0,1.3,0.2,0
6.0,2.2,4.0,1.0,1
7.7,3.8,6.7,2.2,2
4.3,3.0,1.1,0.1,0
5.4,3.4,1.7,0.2,0
5.0,2.3,3.3,1.0,1
6.4,2.8,5.6,2.1,2
5.9,3.2,4.8,1.8,2
5.5,2.4,3.7,1.0,1
7.270451749196108,3.3145516229647396,6.0,1.8,2
6.0,3.4,4.5,1.6,1
5.9,3.2,4.8,1.8,2
5.3,3.7,1.5,0.2,0
6.1,2.8,4.0,1.3,1
5.1,3.3,1.7,0.5,0
6.7,2.5,5.8,1.8,2
5.6,2.5,3.9,1.1,1
4.664657683712999,3.2072882020451363,1.5,0.2,0
4.6,3.6,1.0,0.2,0
4.5,2.3,1.3,0.3,0
7.6,3.0,6.6,2.1,2
5.468872284249084,3.985876803499533,1.7,0.4,0
4.487041304787823,3.0293150980310495,1.4,0.2,0
4.9,2.5,4.5,1.7,1
4.8,3.1,1.6,0.2,0
7.6,3.0,6.6,2.1,2
6.5,2.8,4.6,1.5,1
6.0,2.2,5.0,1.5,1
6.783673962860683,3.1705391622025982,5.6,2.4,2
5.7,2.6,3.5,1.0,1
5.66250993540452,2.9270355762367983,4.9,2.0,2
7.7,2.8,6.7,2.0,2
5.264951248743767,2.793242322073934,3.9,1.4,1
5.5,2.4,3.7,1.0,1
5.296331579576055,2.8483336653744917,3.9,1.4,1
6.0,3.0,4.8,1.8,2
5.0,3.2,1.2,0.2,0
5.8,2.7,5.1,1.9,2
5.4,3.9,1.3,0.4,0
5.6,2.9,3.6,1.3,1
4.7,3.2,1.6,0.2,0
5.7,2.6,3.5,1.0,1
5.163759906386237,2.5992684911467356,3.0,1.1,1
4.9,2.5,4.5,1.7,1
6.3,2.7,4.9,1.8,2
5.811886930077052,4.536909529625874,1.5,0.4,0
7.027317238658906,3.1702104766386783,5.1,2.3,2
4.6,3.6,1.0,0.2,0
4.6,3.6,1.0,0.2,0
5.938232970939786,2.7293307719194644,4.0,1.2,1
4.6,3.1,1.5,0.2,0
6.1,2.8,4.7,1.2,1
4.8,3.4,1.9,0.2,0
5.8,2.7,5.1,1.9,2
5.9,3.0,5.1,1.8,2
6.9,3.2,5.7,2.3,2
6.3,2.9,5.6,1.8,2
6.3,3.4,5.6,2.4,2
4.9,3.0,1.4,0.2,0
6.2,2.8,4.8,1.8,2
4.6,3.1,1.5,0.2,0
4.8,3.0,1.4,0.1,0
5.4,3.4,1.7,0.2,0
4.3,3.0,1.1,0.1,0
5.8,2.6,4.0,1.2,1
5.0,3.5,1.6,0.6,0
4.8,3.0,1.4,0.1,0
6.2,3.4,5.4,2.3,2
5.628902009748858,2.554685656405835,4.0,1.3,1
5.646663408583335,2.669019527908019,4.4,1.2,1
7.2,3.6,6.1,2.5,2
5.6,3.0,4.1,1.3,1
4.6704145974852755,3.7311671893142213,1.0,0.2,0
4.6,3.2,1.4,0.2,0
4.4,2.9,1.4,0.2,0
5.1,3.8,1.9,0.4,0
5.9,3.0,5.1,1.8,2
5.24527283752734,3.6078037073778777,1.4,0.3,0
4.7,3.2,1.6,0.2,0
6.3,2.3,4.4,1.3,1
6.4,3.1,5.5,1.8,2
5.0,3.6,1.4,0.2,0
5.2,3.5,1.5,0.2,0
4.9,3.1,1.5,0.1,0
5.4,3.7,1.5,0.2,0
5.83993779437609,4.549895278986488,1.5,0.4,0
5.9270399230723925,2.7471703923101725,4.0,1.2,1
6.8,2.8,4.8,1.4,1
6.7,2.5,5.8,1.8,2
4.7,3.2,1.3,0.2,0
5.0,2.3,3.3,1.0,1
4.8,3.0,1.4,0.1,0
4.7686351317365645,3.2754423344168386,1.6,0.2,0
5.4,3.4,1.7,0.2,0
6.7,3.1,4.4,1.4,1
6.9,3.2,5.7,2.3,2
5.1,3.5,1.4,0.2,0
4.9,3.1,1.5,0.2,0
4.9,2.5,4.5,1.7,1
4.4,2.9,1.4,0.2,0
4.8,3.0,1.4,0.3,0
7.9538436472967815,3.850746561308517,6.4,2.0,2
5.8,2.7,3.9,1.2,1
5.6,3.0,4.1,1.3,1
5.8,2.6,4.0,1.2,1
4.9,3.0,1.4,0.2,0
5.5,2.5,4.0,1.3,1
6.5,3.0,5.8,2.2,2
4.9,2.4,3.3,1.0,1
5.598461196266246,2.5154913106210626,3.7,1.0,1
5.8,2.7,5.1,1.9,2
6.0,3.0,4.8,1.8,2
4.9,3.0,1.4,0.2,0
4.6,3.1,1.5,0.2,0
6.0,2.9,4.5,1.5,1
5.0,3.0,1.6,0.2,0
5.9032233454408765,2.9458653992659536,5.1,2.4,2
5.0,3.3,1.4,0.2,0
6.2,3.4,5.4,2.3,2
5.1799413820784705,3.3609164255107147,1.7,0.5,0
6.1,3.0,4.9,1.8,2
6.2,2.8,4.8,1.8,2
5.6,3.0,4.1,1.3,1
5.9,3.0,4.2,1.5,1
4.3,3.0,1.1,0.1,0
4.8,3.4,1.9,0.2,0
5.7,2.5,5.0,2.0,2
7.1,3.0,5.9,2.1,2
6.4,3.1,5.5,1.8,2
6.9,3.1,5.1,2.3,2
5.9,3.0,4.2,1.5,1
5.289412754495311,2.7622217680305963,3.9,1.4,1
5.1,2.5,3.0,1.1,1
5.166120432929487,3.861841241027335,1.9,0.4,0
5.4,3.0,4.5,1.5,1
5.1,2.5,3.0,1.1,1
6.0,2.9,4.5,1.5,1
6.5,3.2,5.1,2.0,2
5.6,2.5,3.9,1.1,1
5.314226145044942,4.232282358430511,1.5,0.1,0
5.3,3.7,1.5,0.2,0
6.0,3.4,4.5,1.6,1
7.015826197302963,3.3074946630124074,5.7,2.3,2
5.8,2.7,5.1,1.9,2
6.49384403959176,3.3416182079385375,5.3,2.3,2
5.72959098713597,2.9916182379306795,3.6,1.3,1
6.521796222735729,2.7736735695901173,5.3,1.9,2
5.7,3.8,1.7,0.3,0
4.49079402389814,3.281617447903579,1.3,0.2,0
5.9,3.0,4.2,1.5,1
4.8,3.4,1.6,0.2,0
5.0,2.0,3.5,1.0,1
5.7,2.8,4.5,1.3,1
6.4,2.7,5.3,1.9,2
6.578682729607921,3.1266800139499193,5.5,1.8,2
5.6,2.5,3.9,1.1,1
5.0,3.5,1.6,0.6,0
6.799980555546678,3.1164253419631813,5.0,1.7,2
6.4,3.2,4.5,1.5,1
6.621760139189754,2.8724626311850496,4.6,1.5,1
5.2,3.4,1.4,0.2,0
4.6,3.4,1.4,0.3,0
4.6,3.6,1.0,0.2,0
5.5,2.6,4.4,1.2,1
5.8,2.7,5.1,1.9,2
5.542015873220942,4.018760986244614,1.7,0.4,0
5.5,2.4,3.8,1.1,1
6.5,3.2,5.1,2.0,2
5.4,3.9,1.7,0.4,0
5.7668147771405565,4.494679887774277,1.5,0.4,0
7.805180828583809,3.0517165999161837,6.1,2.3,2
4.4,3.2,1.3,0.2,0
5.856550858326731,2.9239695396330356,5.1,2.4,2
5.0,3.2,1.2,0.2,0
5.7,4.4,1.5,0.4,0
4.6,3.1,1.5,0.2,0
6.3,2.5,4.9,1.5,1
7.2,3.2,6.0,1.8,2
5.5,2.4,3.7,1.0,1
5.1,3.7,1.5,0.4,0
6.4,2.7,5.3,1.9,2
6.7,3.0,5.2,2.3,2
6.57912702663838,3.2702115412237456,5.1,2.0,2
5.1,3.3,1.7,0.5,0
5.012276314416341,3.1673477029818806,1.5,0.2,0
7.296405742990395,3.735905147789842,6.1,2.5,2
7.1,3.0,5.9,2.1,2
5.8,4.0,1.2,0.2,0
4.8,3.4,1.9,0.2,0
6.7,3.1,4.7,1.5,1
7.3,2.9,6.3,1.8,2
6.3,2.5,5.0,1.9,2
5.6,2.8,4.9,2.0,2
5.7,2.5,5.0,2.0,2
6.5,3.0,5.5,1.8,2
4.9,3.0,1.4,0.2,0
4.6,3.1,1.5,0.2,0
6.0,3.4,4.5,1.6,1
7.030063484582142,3.18447742003202,5.4,2.1,2
4.8,3.4,1.6,0.2,0
5.8,2.7,4.1,1.0,1
5.9,3.0,4.2,1.5,1
4.4,2.9,1.4,0.2,0
5.8,2.7,3.9,1.2,1
5.7,2.8,4.1,1.3,1
6.2,2.9,4.3,1.3,1
5.2,3.5,1.5,0.2,0
4.7,3.2,1.3,0.2,0
4.9,3.0,1.4,0.2,0
6.563569144464686,3.1272355349696226,5.8,2.2,2
6.1,3.0,4.6,1.4,1
6.8,3.2,5.9,2.3,2
6.0,2.9,4.5,1.5,1
5.8040833793453634,2.8837049873303644,4.1,1.3,1
6.6,3.0,4.4,1.4,1
6.0,2.7,5.1,1.6,1
5.9,3.0,5.1,1.8,2
6.3,2.5,5.0,1.9,2
5.7,4.4,1.5,0.4,0
5.8272221861454385,2.6352298933206084,5.0,2.0,2
4.488487118749835,2.9981409850376584,1.4,0.2,0
5.1,3.8,1.9,0.4,0
7.7,2.8,6.7,2.0,2
5.1,2.5,3.0,1.1,1
4.4,3.0,1.3,0.2,0
5.4,3.0,4.5,1.5,1
6.2,2.8,4.8,1.8,2
6.147430443957508,3.0805612749271205,4.8,1.8,2
6.895009495889575,2.8820921037492138,4.8,1.4,1
5.5,2.4,3.8,1.1,1
5.0,3.4,1.5,0.2,0
6.7,3.1,4.7,1.5,1
6.2,2.9,4.3,1.3,1
4.834894680859856,3.2845334587295487,1.3,0.2,0
5.2,3.5,1.5,0.2,0
5.884679763078489,2.746614837354302,4.0,1.2,1
6.2,2.8,4.8,1.8,2
7.751073002226541,2.7392342095484317,6.9,2.3,2
6.7,3.1,4.4,1.4,1
5.3,3.7,1.5,0.2,0
6.9,3.1,4.9,1.5,1
6.8,2.8,4.8,1.4,1
5.0,3.5,1.3,0.3,0
6.7,3.1,4.4,1.4,1
5.2,3.5,1.5,0.2,0
6.7,2.5,5.8,1.8,2
7.2,3.2,6.0,1.8,2
4.8,3.4,1.6,0.2,0
7.2,3.6,6.1,2.5,2
6.1,2.9,4.7,1.4,1
5.8,2.7,4.1,1.0,1
5.6,2.8,4.9,2.0,2
5.7,3.0,4.2,1.2,1
7.4,2.8,6.1,1.9,2
5.4,3.7,1.5,0.2,0
6.446556224107894,3.4705337218595536,5.6,2.4,2
5.772407067033401,3.0362641118851217,4.2,1.3,1
5.220876870220838,3.8898717677333723,1.6,0.2,0
6.1,2.8,4.7,1.2,1
6.506011064087702,2.9830017329337193,4.3,1.3,1
4.4,3.0,1.3,0.2,0
6.3,2.5,5.0,1.9,2
6.4,3.2,4.5,1.5,1
5.9,3.2,4.8,1.8,2
7.846415425416733,3.8620114031217945,6.7,2.2,2
6.3,2.5,5.0,1.9,2
7.7,3.0,6.1,2.3,2
5.0708665791479035,3.149039082587067,1.6,0.2,0
4.6,3.4,1.4,0.3,0
6.5,3.0,5.5,1.8,2
4.9,3.0,1.4,0.2,0
5.2024967671380935,3.47587453778248,1.5,0.2,0
6.0,2.2,4.0,1.0,1
4.917583617831077,3.1282759773351496,1.4,0.1,0
6.0,3.0,4.8,1.8,2
6.0,2.2,4.0,1.0,1
5.7,3.8,1.7,0.3,0
5.247715348032107,3.4362568664990336,1.7,0.5,0
5.4,3.9,1.3,0.4,0
6.3,2.8,5.1,1.5,1
4.6,3.2,1.4,0.2,0
4.8,3.0,1.4,0.1,0
5.1,3.8,1.6,0.2,0
5.243457979231043,3.5467937287502016,1.5,0.2,0
4.9,2.4,3.3,1.0,1
5.5,2.6,4.4,1.2,1
5.251245276171664,4.2104789306795,1.5,0.1,0
6.3,2.5,5.0,1.9,2
6.1,3.0,4.6,1.4,1
6.485621437180684,3.320451223796704,4.5,1.5,1
7.3,2.9,6.3,1.8,2
4.496547905335278,3.0081003972329903,1.4,0.2,0
4.9,2.5,4.5,1.7,1
6.1,2.6,5.6,1.4,1
5.0,3.0,1.6,0.2,0
6.4,2.7,5.3,1.9,2
5.0,3.4,1.6,0.4,0
4.4,2.9,1.4,0.2,0
6.3,3.3,4.7,1.6,1
6.2,3.4,5.4,2.3,2
7.6,3.0,6.6,2.1,2
5.9,3.2,4.8,1.8,2
6.3,3.4,5.6,2.4,2
7.793292072194442,2.9063736109121594,6.7,2.0,2
6.3,2.8,5.1,1.5,1
6.2327041076791545,3.085916429737611,4.6,1.4,1
5.8,2.7,5.1,1.9,2
4.75139057823265,3.3462948471310705,1.3,0.2,0
6.6,2.9,4.6,1.3,1
6.26041380453351,3.4601600734822875,5.4,2.3,2
4.6,3.4,1.4,0.3,0
6.466635255277834,3.0423944699486274,4.3,1.3,1
5.4,3.9,1.3,0.4,0
6.6,2.9,4.6,1.3,1
5.8,2.7,4.1,1.0,1
5.8,2.6,4.0,1.2,1
5.4,3.0,4.5,1.5,1
6.7,2.5,5.8,1.8,2
6.4,3.2,4.5,1.5,1
4.9,3.0,1.4,0.2,0
4.4,2.9,1.4,0.2,0
5.2,2.7,3.9,1.4,1
5.8,2.8,5.1,2.4,2
6.6,2.9,4.6,1.3,1
6.030211111795973,3.0978587226710665,5.1,1.8,2
6.374721288639126,2.8844351283725986,5.1,1.5,1
6.159635636223848,2.8998806767128555,4.0,1.3,1
5.5,4.2,1.4,0.2,0
6.089324511345329,2.3411158033620856,4.0,1.0,1
4.8,3.4,1.9,0.2,0
5.7,3.0,4.2,1.2,1
5.6,3.0,4.5,1.5,1
6.2,2.2,4.5,1.5,1
6.9,3.1,5.1,2.3,2
6.9789683613539255,3.1621316012953558,4.9,1.5,1
5.0,3.0,1.6,0.2,0
6.5,2.8,4.6,1.5,1
4.3,3.0,1.1,0.1,0
5.5,4.2,1.4,0.2,0
6.5,3.0,5.8,2.2,2
5.7,4.4,1.5,0.4,0
6.7,3.0,5.0,1.7,2
7.7,3.0,6.1,2.3,2
6.803052569056096,3.419549807792986,5.7,2.5,2
5.1,3.7,1.5,0.4,0
4.766625046310962,3.3343386812663582,1.6,0.2,0
8.012004000159013,3.8914538385743502,6.4,2.0,2
5.1,3.3,1.7,0.5,0
4.6,3.4,1.4,0.3,0
6.7,3.3,5.7,2.1,2
6.7,3.1,4.4,1.4,1
5.8,2.8,5.1,2.4,2
5.4,3.9,1.7,0.4,0
6.658955691415985,3.0603499046399394,4.4,1.4,1
5.4,3.7,1.5,0.2,0
6.9,3.1,5.4,2.1,2
5.8,2.7,4.1,1.0,1
6.1,2.9,4.7,1.4,1
4.9,3.1,1.5,0.1,0
4.9,3.6,1.4,0.1,0
6.7,3.1,4.7,1.5,1
6.7,3.3,5.7,2.5,2
5.7,3.0,4.2,1.2,1
5.305780618199274,2.7954503806843576,3.9,1.4,1
4.8,3.1,1.6,0.2,0
5.0,3.5,1.6,0.6,0
4.8,3.4,1.9,0.2,0
6.1,2.8,4.7,1.2,1
6.0,3.0,4.8,1.8,2
7.6,3.0,6.6,2.1,2
6.3,2.5,5.0,1.9,2
5.7,2.9,4.2,1.3,1
5.5,4.2,1.4,0.2,0
6.0,2.2,5.0,1.5,1
5.304121844632617,4.1529375251114535,1.5,0.1,0
6.269233983944357,3.5021384713831507,5.4,2.3,2
7.7,3.0,6.1,2.3,2
5.1,3.4,1.5,0.2,0
6.6,2.9,4.6,1.3,1
7.7,2.6,6.9,2.3,2
5.2,3.5,1.5,0.2,0
6.1,2.9,4.7,1.4,1
5.4,3.4,1.5,0.4,0
6.108721874294238,3.0392044005773244,4.5,1.5,1
6.4,3.2,4.5,1.5,1
4.6,3.6,1.0,0.2,0
5.5,2.4,3.8,1.1,1
6.0,2.7,5.1,1.6,1
5.7086808168014525,2.6316614332931882,3.9,1.1,1
5.4,3.9,1.7,0.4,0
6.2,2.2,4.5,1.5,1
6.307074059698719,3.011627271769428,4.3,1.3,1
5.9,3.0,5.1,1.8,2
5.241326402896565,3.3673052261038667,1.7,0.5,0
7.6,3.0,6.6,2.1,2
6.7,2.5,5.8,1.8,2
5.4,3.7,1.5,0.2,0
5.1,3.8,1.5,0.3,0
4.4,2.9,1.4,0.2,0
5.1,3.8,1.5,0.3,0
6.9,3.1,4.9,1.5,1
5.7,2.6,3.5,1.0,1
6.3,2.9,5.6,1.8,2
5.5,3.5,1.3,0.2,0
7.4,2.8,6.1,1.9,2
6.3,3.4,5.6,2.4,2
5.6,2.5,3.9,1.1,1
5.2,4.1,1.5,0.1,0
4.9,3.1,1.5,0.2,0
5.4,3.7,1.5,0.2,0
5.7,2.8,4.1,1.3,1
6.4,3.1,5.5,1.8,2
6.7,3.1,4.7,1.5,1
6.5,3.0,5.5,1.8,2
7.7,3.8,6.7,2.2,2
4.8,3.1,1.6,0.2,0
6.3,2.8,5.1,1.5,1
5.8,2.7,5.1,1.9,2
5.0,3.5,1.6,0.6,0
7.2,3.0,5.8,1.6,2
6.4,2.7,5.3,1.9,2
5.8,2.7,5.1,1.9,2
5.5,2.4,3.8,1.1,1
5.4,3.9,1.7,0.4,0
7.795877372237849,2.6785738570529203,6.9,2.3,2
5.4,3.9,1.3,0.4,0
6.4,3.1,5.5,1.8,2
6.4,2.9,4.3,1.3,1
6.1,2.8,4.0,1.3,1
5.5,2.4,3.7,1.0,1
6.7,3.0,5.2,2.3,2
5.626386722587199,2.7269956261226596,4.4,1.2,1
6.3,3.3,6.0,2.5,2
5.1,3.5,1.4,0.3,0
5.7,3.8,1.7,0.3,0
5.0,3.6,1.4,0.2,0
4.679340836863404,3.4595582840356025,1.4,0.3,0
5.8,2.6,4.0,1.2,1
5.7,3.0,4.2,1.2,1
6.7,3.0,5.2,2.3,2
6.826595475498405,3.1423031368018934,5.2,2.3,2
5.5,3.5,1.3,0.2,0
7.0,3.2,4.7,1.4,1
6.9,3.2,5.7,2.3,2
6.2,2.9,4.3,1.3,1
6.3,2.3,4.4,1.3,1
5.0,3.6,1.4,0.2,0
5.1,3.5,1.4,0.2,0
5.0,3.2,1.2,0.2,0
5.745341812540286,3.125484749586296,4.1,1.3,1
6.0,2.7,5.1,1.6,1
6.2,2.8,4.8,1.8,2
4.693765025743619,3.726135356720225,1.0,0.2,0
6.4,2.8,5.6,2.2,2
6.584573277738892,3.084513137500835,5.5,1.8,2
7.369626545809117,2.9656374227125304,6.3,1.8,2
5.7,2.5,5.0,2.0,2
6.9,3.1,5.1,2.3,2
6.319728173533212,2.9735504252869265,4.3,1.3,1
7.1,3.0,5.9,2.1,2
4.6,3.2,1.4,0.2,0
5.228096743094136,3.5820190826623413,1.4,0.2,0
4.3,3.0,1.1,0.1,0
5.4,3.0,4.5,1.5,1
4.9,3.0,1.4,0.2,0
5.6,2.8,4.9,2.0,2
6.9,3.1,5.1,2.3,2
5.7,4.4,1.5,0.4,0
6.3,2.7,4.9,1.8,2
5.5,2.6,4.4,1.2,1
6.5,3.0,5.2,2.0,2
6.9,3.2,5.7,2.3,2
5.099025361823871,2.065888548749076,3.5,1.0,1
6.7,3.0,5.2,2.3,2
4.9,3.1,1.5,0.1,0
5.7,2.5,5.0,2.0,2
5.1,3.7,1.5,0.4,0
6.7,3.3,5.7,2.5,2
5.4,3.9,1.7,0.4,0
5.1,3.8,1.5,0.3,0
5.1,3.4,1.5,0.2,0
5.6,3.0,4.1,1.3,1
5.1,3.7,1.5,0.4,0
5.209856440606007,3.9489520300665832,1.9,0.4,0
4.871434836812866,3.0863178212073428,1.4,0.3,0
7.0,3.2,4.7,1.4,1
6.2,3.4,5.4,2.3,2
6.1,2.6,5.6,1.4,1
4.3,3.0,1.1,0.1,0
6.3,2.5,5.0,1.9,2
7.307427823733837,3.34137970856624,6.0,1.8,2
5.046794478198938,2.4866681727062088,3.3,1.0,1
4.917818905430041,3.070151516512566,1.4,0.3,0
6.805305269666719,3.0755125323004497,5.0,1.7,2
5.6,2.7,4.2,1.3,1
5.1,3.7,1.5,0.4,0
5.6,2.7,4.2,1.3,1
7.3078131157013,3.259960175110389,6.0,1.8,2
5.4,3.7,1.5,0.2,0
6.8,3.2,5.9,2.3,2
5.5,2.5,4.0,1.3,1
4.7,3.2,1.3,0.2,0
6.6,2.9,4.6,1.3,1
6.7,3.1,5.6,2.4,2
5.7,2.5,5.0,2.0,2
5.830347657163532,2.6300682028478493,5.0,2.0,2
6.812935017520749,3.2350643444532947,5.6,2.4,2
6.4,2.8,5.6,2.1,2
5.9,3.2,4.8,1.8,2
5.6,2.5,3.9,1.1,1
5.4,3.9,1.7,0.4,0
5.1,3.7,1.5,0.4,0
5.7,2.5,5.0,2.0,2
6.9,3.1,5.1,2.3,2
5.866413064137709,2.8139612937138194,4.1,1.0,1
5.7,2.6,3.5,1.0,1
5.249066750437077,3.4540954416757232,1.5,0.2,0
5.5,3.5,1.3,0.2,0
5.0,3.6,1.4,0.2,0
5.549162896237492,3.849939912791771,1.5,0.2,0
4.4,3.0,1.3,0.2,0
6.5,3.0,5.8,2.2,2
4.3,3.0,1.1,0.1,0
7.3,2.9,6.3,1.8,2
6.36009876572456,2.9751222176664407,5.6,1.8,2
5.8,2.7,5.1,1.9,2
5.2,2.7,3.9,1.4,1
5.8,2.7,5.1,1.9,2
4.3,3.0,1.1,0.1,0
6.0,3.4,4.5,1.6,1
6.836932856424832,3.114535931563557,5.0,1.7,2
6.6,3.0,4.4,1.4,1
6.6,3.0,4.4,1.4,1
5.0,3.4,1.5,0.2,0
6.0,2.2,5.0,1.5,1
6.3,2.9,5.6,1.8,2
5.7,2.6,3.5,1.0,1
6.0,2.9,4.5,1.5,1
6.0,2.7,5.1,1.6,1
4.8,3.0,1.4,0.1,0
5.0,3.6,1.4,0.2,0
5.667434344387058,2.6425636428649466,3.9,1.1,1
4.4,2.9,1.4,0.2,0
5.095184963291791,3.5478106012526727,1.5,0.2,0
5.7,2.8,4.5,1.3,1
5.5,2.4,3.7,1.0,1
6.9,3.1,4.9,1.5,1
5.1,3.3,1.7,0.5,0
6.3,2.7,4.9,1.8,2
5.8,2.7,3.9,1.2,1
4.8,3.4,1.6,0.2,0
4.7,3.2,1.6,0.2,0
5.2,3.4,1.4,0.2,0
5.9,3.0,5.1,1.8,2
6.4,2.7,5.3,1.9,2
6.5397412489728515,3.256030433397248,4.5,1.5,1
5.1,3.7,1.5,0.4,0
7.7,3.0,6.1,2.3,2
5.1,2.5,3.0,1.1,1
5.7,2.6,3.5,1.0,1
6.398332174253233,2.4024290421875816,4.4,1.3,1
6.4,3.2,5.3,2.3,2
7.7,3.8,6.7,2.2,2
5.8,2.7,3.9,1.2,1
6.4,3.2,5.3,2.3,2
4.6,3.2,1.4,0.2,0
6.2,2.2,4.5,1.5,1
5.335788167269288,3.455267297205677,1.4,0.2,0
6.3,3.4,5.6,2.4,2
4.9,3.0,1.4,0.2,0
5.9,3.0,5.1,1.8,2
6.484004916836165,3.1864212363054767,5.5,1.8,2
6.177209295873729,2.8837335316366888,4.0,1.3,1
5.6,3.0,4.1,1.3,1
6.3,2.5,4.9,1.5,1
6.1,3.0,4.6,1.4,1
7.2,3.6,6.1,2.5,2
5.847771844089538,2.910598180117642,4.1,1.3,1
5.0,3.2,1.2,0.2,0
6.81009194291294,3.232941595226185,5.6,2.4,2
6.5,3.0,5.2,2.0,2
6.8,3.2,5.9,2.3,2
5.534803090106699,4.047508615029124,1.7,0.4,0
7.7,2.8,6.7,2.0,2
6.458864080987604,3.2840235057193503,5.3,2.3,2
6.5,3.0,5.5,1.8,2
7.3,2.9,6.3,1.8,2
5.5,4.2,1.4,0.2,0
6.0,2.2,4.0,1.0,1
4.4,3.2,1.3,0.2,0
5.6,2.7,4.2,1.3,1
5.0,3.4,1.5,0.2,0
5.4,3.9,1.7,0.4,0
6.9,3.1,5.4,2.1,2
5.5,2.4,3.8,1.1,1
4.9,2.5,4.5,1.7,1
5.4,3.4,1.5,0.4,0
5.7,2.6,3.5,1.0,1
4.6,3.6,1.0,0.2,0
4.9,2.4,3.3,1.0,1
6.2,2.2,4.5,1.5,1
7.76269842015463,3.9023261292091664,6.7,2.2,2
7.2,3.0,5.8,1.6,2
6.4,2.7,5.3,1.9,2
5.2,3.5,1.5,0.2,0
4.5,2.3,1.3,0.3,0
5.4,3.0,4.5,1.5,1
6.7,3.3,5.7,2.1,2
5.5,2.5,4.0,1.3,1
7.9,3.8,6.4,2.0,2
6.7,3.0,5.2,2.3,2
6.6,2.9,4.6,1.3,1
7.4,2.8,6.1,1.9,2
5.041214972355269,3.236460303953535,1.5,0.2,0
5.2,4.1,1.5,0.1,0
6.2,3.4,5.4,2.3,2
5.929842290841176,4.074376280284159,1.2,0.2,0
6.6,3.0,4.4,1.4,1
4.8,3.0,1.4,0.3,0
6.0,2.2,4.0,1.0,1
5.7,2.5,5.0,2.0,2
4.5,2.3,1.3,0.3,0
5.1,3.5,1.4,0.3,0
6.446247665270713,2.4100980399335934,4.4,1.3,1
4.862406373773798,3.4873678772195547,1.6,0.2,0
6.1,2.8,4.0,1.3,1
4.6,3.2,1.4,0.2,0
5.0,2.0,3.5,1.0,1
7.3,2.9,6.3,1.8,2
4.5,2.3,1.3,0.3,0
6.1,2.8,4.7,1.2,1
6.5,3.0,5.8,2.2,2
7.1,3.0,5.9,2.1,2
7.2,3.6,6.1,2.5,2
5.4,3.4,1.7,0.2,0
4.8,3.1,1.6,0.2,0
6.4,3.2,5.3,2.3,2
5.9,3.2,4.8,1.8,2
6.3,2.5,5.0,1.9,2
4.7,3.2,1.3,0.2,0
5.7,2.6,3.5,1.0,1
5.1,3.7,1.5,0.4,0
6.1,2.9,4.7,1.4,1
5.1,3.4,1.5,0.2,0
6.1,3.0,4.6,1.4,1
6.3,2.5,5.0,1.9,2
5.7,2.9,4.2,1.3,1
5.0,3.6,1.4,0.2,0
6.0591911373354765,2.7749183347420194,5.1,1.6,1
6.192572640517241,2.8765675582952275,4.7,1.2,1
7.4,2.8,6.1,1.9,2
5.9,3.0,4.2,1.5,1
6.5,2.8,4.6,1.5,1
5.8,2.7,3.9,1.2,1
7.2,3.0,5.8,1.6,2
5.5610500117701225,2.5492684568254154,3.8,1.1,1
5.800242147314121,2.92085559282393,4.1,1.3,1
6.0,2.9,4.5,1.5,1
6.0,2.2,5.0,1.5,1
5.4,3.4,1.7,0.2,0
4.9,3.1,1.5,0.2,0
5.1,3.5,1.4,0.3,0
5.2,3.5,1.5,0.2,0
6.322343863297474,3.469183329080488,5.4,2.3,2
5.0,3.4,1.6,0.4,0
6.586614821457857,2.877523137711102,4.6,1.5,1
5.1,3.4,1.5,0.2,0
7.9,3.8,6.4,2.0,2
7.7,3.0,6.1,2.3,2
5.1,3.7,1.5,0.4,0
6.7,3.1,5.6,2.4,2
6.3,2.5,5.0,1.9,2
6.7,3.1,5.6,2.4,2
6.2,2.2,4.5,1.5,1
7.7,3.0,6.1,2.3,2
5.7,2.5,5.0,2.0,2
5.7,3.0,4.2,1.2,1
6.4,2.7,5.3,1.9,2
6.2,2.2,4.5,1.5,1
4.9,3.0,1.4,0.2,0
6.9,3.2,5.7,2.3,2
6.2,2.8,4.8,1.8,2
5.1,3.8,1.5,0.3,0
5.085644360662632,3.2844476086169907,1.2,0.2,0
5.6,3.0,4.5,1.5,1
6.8,3.2,5.9,2.3,2
6.360184625810854,3.450843155317049,5.6,2.4,2
6.0,2.2,4.0,1.0,1
5.8,2.7,5.1,1.9,2
7.82240670353173,3.8720642161317698,6.7,2.2,2
6.385928365280046,3.0067644402288645,5.6,1.8,2
6.7,3.1,5.6,2.4,2
4.9,2.5,4.5,1.7,1
6.7,3.3,5.7,2.1,2
5.5,2.5,4.0,1.3,1
4.9,3.0,1.4,0.2,0
6.229462578758999,3.0500094997276794,4.6,1.4,1
6.1,2.8,4.7,1.2,1
5.77514040835037,2.704257163353753,3.5,1.0,1
4.9,3.1,1.5,0.1,0
6.8,3.2,5.9,2.3,2
5.807785145720658,2.656272635738153,3.5,1.0,1
5.5,2.6,4.4,1.2,1
5.8,2.8,5.1,2.4,2
4.9,3.0,1.4,0.2,0
5.2,4.1,1.5,0.1,0
7.3,2.9,6.3,1.8,2
6.4,2.9,4.3,1.3,1
7.017585474827154,3.243592538456061,5.1,2.3,2
4.7,3.2,1.6,0.2,0
6.4,2.8,5.6,2.1,2
5.633300050848214,4.267269310627515,1.4,0.2,0
5.4,3.0,4.5,1.5,1
6.031636931322037,3.0669173321943086,5.1,1.8,2
5.9,3.2,4.8,1.8,2
6.3,3.4,5.6,2.4,2
6.5444920225792975,2.817771713018085,5.3,1.9,2
6.0,2.9,4.5,1.5,1
6.3,2.8,5.1,1.5,1
4.9,3.6,1.4,0.1,0
5.6,2.8,4.9,2.0,2
4.5,2.3,1.3,0.3,0
4.6,3.4,1.4,0.3,0
6.5,3.0,5.8,2.2,2
5.0,3.3,1.4,0.2,0
5.132723088692174,3.2684405323326358,1.2,0.2,0
7.9,3.8,6.4,2.0,2
5.5,2.6,4.4,1.2,1
5.8,2.7,3.9,1.2,1
7.3,2.9,6.3,1.8,2
5.1,3.3,1.7,0.5,0
6.9,3.1,5.4,2.1,2
7.7,2.6,6.9,2.3,2
5.6,2.7,4.2,1.3,1
5.032666069616481,2.480694455723066,3.3,1.0,1
6.4,3.2,4.5,1.5,1
5.7,2.8,4.5,1.3,1
6.3,3.4,5.6,2.4,2
6.3,2.5,5.0,1.9,2
6.3,2.5,4.9,1.5,1
5.8,2.7,3.9,1.2,1
5.0,3.4,1.5,0.2,0
5.4,3.7,1.5,0.2,0
6.0,2.2,4.0,1.0,1
6.6,2.9,4.6,1.3,1
5.0,3.5,1.6,0.6,0
6.5,2.8,4.6,1.5,1
4.409925649659335,3.1385897248953984,1.1,0.1,0
5.0,2.3,3.3,1.0,1
4.9,2.4,3.3,1.0,1
5.099036897690647,3.1473535348886887,1.6,0.2,0
6.3,3.3,6.0,2.5,2
6.4,3.1,5.5,1.8,2
6.4,2.8,5.6,2.2,2
6.2,2.9,4.3,1.3,1
6.2,2.2,4.5,1.5,1
6.6,2.9,4.6,1.3,1
6.2,3.4,5.4,2.3,2
6.2,2.9,4.3,1.3,1
6.216936894709694,2.996634552498749,4.7,1.4,1
4.8,3.1,1.6,0.2,0
7.6,3.0,6.6,2.1,2
7.230061027849996,3.1222578222421142,5.9,2.1,2
4.9,3.1,1.5,0.1,0
6.7,3.3,5.7,2.1,2
5.564106783251466,2.4468931357780757,4.0,1.3,1
5.8,4.0,1.2,0.2,0
4.8,3.1,1.6,0.2,0
6.4,3.1,5.5,1.8,2
5.6,2.9,3.6,1.3,1
6.952967227792072,3.2407788461649334,5.4,2.1,2
6.6,2.9,4.6,1.3,1
4.8,3.0,1.4,0.3,0
7.7,2.8,6.7,2.0,2
7.1,3.0,5.9,2.1,2
4.6,3.1,1.5,0.2,0
6.0,3.4,4.5,1.6,1
5.7,2.5,5.0,2.0,2
6.4,2.7,5.3,1.9,2
5.0,3.4,1.5,0.2,0
6.1,3.0,4.9,1.8,2
6.1,2.6,5.6,1.4,1
7.6,3.0,6.6,2.1,2
6.3,2.5,5.0,1.9,2
5.0,3.0,1.6,0.2,0
5.0,2.0,3.5,1.0,1
6.058398547062101,2.9757053622185077,4.5,1.5,1
5.1,3.5,1.4,0.2,0
6.1,2.9,4.7,1.4,1
5.4,3.4,1.7,0.2,0
6.9,3.1,5.4,2.1,2
5.0,2.0,3.5,1.0,1
6.9,3.1,5.4,2.1,2
5.5,3.5,1.3,0.2,0
5.1,3.3,1.7,0.5,0
6.5,3.0,5.2,2.0,2
6.8,2.8,4.8,1.4,1
4.7,3.2,1.6,0.2,0
6.4,3.2,5.3,2.3,2
5.865997919996531,2.7923176940464627,5.1,1.9,2
5.8,2.7,5.1,1.9,2
7.9,3.8,6.4,2.0,2
7.2,3.6,6.1,2.5,2
4.9,3.1,1.5,0.2,0
7.6,3.0,6.6,2.1,2
5.5840359025539055,2.4853262585522136,3.8,1.1,1
4.9,3.1,1.5,0.1,0
4.4,3.2,1.3,0.2,0
6.8,3.2,5.9,2.3,2
4.8,3.4,1.6,0.2,0
6.8,2.8,4.8,1.4,1
5.5,2.3,4.0,1.3,1
6.1,2.6,5.6,1.4,1
6.2,2.8,4.8,1.8,2
5.5,2.4,3.7,1.0,1
5.5,2.4,3.7,1.0,1
6.089635080497845,2.2566368956229708,4.0,1.0,1
6.030221206240568,3.2995227128230273,4.8,1.8,2
4.9,3.0,1.4,0.2,0
7.7,3.8,6.7,2.2,2
4.9,2.5,4.5,1.7,1
5.1560891210879,3.519736015332438,1.5,0.2,0
6.7,3.3,5.7,2.5,2
7.023953761220664,3.1632591445882343,5.1,2.3,2
5.0,3.4,1.6,0.4,0
5.9,3.2,4.8,1.8,2
5.0,3.6,1.4,0.2,0
6.427019385080029,2.8275208100392977,4.9,1.8,2
4.78817266834968,3.2937161554230405,1.6,0.2,0
6.4,2.9,4.3,1.3,1
5.9,3.0,4.2,1.5,1
6.3,2.7,4.9,1.8,2
4.9,3.0,1.4,0.2,0
5.0,2.0,3.5,1.0,1
4.8,3.0,1.4,0.3,0
7.7,3.0,6.1,2.3,2
4.9,2.4,3.3,1.0,1
7.2,3.6,6.1,2.5,2
6.0,3.4,4.5,1.6,1
6.4,3.2,5.3,2.3,2
5.4,3.4,1.7,0.2,0
4.5,2.3,1.3,0.3,0
6.0,2.2,5.0,1.5,1
5.8,2.7,4.1,1.0,1
7.815237868243059,2.6770777999752684,6.9,2.3,2
6.0,3.0,4.8,1.8,2
4.737861452310362,3.2944878270108933,1.4,0.2,0
5.1529949284154934,3.9111956096550755,1.5,0.3,0
7.6,3.0,6.6,2.1,2
6.7,3.1,4.7,1.5,1
5.5,2.4,3.8,1.1,1
4.9,2.5,4.5,1.7,1
6.38122218245297,2.765595117217739,4.9,1.8,2
5.4,3.9,1.3,0.4,0
5.3,3.7,1.5,0.2,0
6.410039848266996,2.4309616151386533,4.4,1.3,1
6.1,3.0,4.6,1.4,1
4.6,3.1,1.5,0.2,0
5.7,2.5,5.0,2.0,2
6.2,2.9,4.3,1.3,1
6.3,2.7,4.9,1.8,2
6.7,3.1,4.4,1.4,1
5.0,3.6,1.4,0.2,0
4.7,3.2,1.6,0.2,0
6.3,2.7,4.9,1.8,2
7.7469219555299205,3.0591972332250057,6.6,2.1,2
6.2,3.4,5.4,2.3,2
6.7,3.0,5.0,1.7,2
5.0,3.4,1.6,0.4,0
5.3,3.7,1.5,0.2,0
5.4,3.9,1.7,0.4,0
5.2,4.1,1.5,0.1,0
6.8,2.8,4.8,1.4,1
6.3,2.8,5.1,1.5,1
4.4,2.9,1.4,0.2,0
6.9,3.1,5.4,2.1,2
7.7,3.0,6.1,2.3,2
5.9,3.0,4.2,1.5,1
7.1,3.0,5.9,2.1,2
6.7,3.3,5.7,2.1,2
6.186598092656471,2.9002089230361627,4.7,1.2,1
5.1,3.7,1.5,0.4,0
5.6,2.5,3.9,1.1,1
5.0,3.0,1.6,0.2,0
5.7,2.6,3.5,1.0,1
6.1,2.8,4.0,1.3,1
5.7,3.0,4.2,1.2,1
5.835594377330376,3.0842175328218087,4.2,1.2,1
5.1,3.3,1.7,0.5,0
4.6,3.2,1.4,0.2,0
5.8,2.7,5.1,1.9,2
5.854674568246664,2.806777937037871,5.1,1.9,2
7.3,2.9,6.3,1.8,2
5.206777730409184,3.6313846547965416,1.4,0.2,0
7.2,3.2,6.0,1.8,2
7.9,3.8,6.4,2.0,2
7.0,3.2,4.7,1.4,1
5.1,2.5,3.0,1.1,1
6.7,3.0,5.2,2.3,2
4.630478403277527,2.446495561978591,1.3,0.3,0
4.935035156268717,3.4535762272506316,1.6,0.2,0
6.0,2.9,4.5,1.5,1
6.2,2.2,4.5,1.5,1
5.518816559723117,3.09007599064937,4.5,1.5,1
5.6,2.5,3.9,1.1,1
6.0,2.9,4.5,1.5,1
6.3,2.7,4.9,1.8,2
6.7,3.1,4.4,1.4,1
6.5,3.0,5.5,1.8,2
6.5,3.0,5.5,1.8,2
5.542860154685382,3.9543453122177907,1.7,0.4,0
6.9,3.1,5.1,2.3,2
7.7,2.6,6.9,2.3,2
6.1,2.6,5.6,1.4,1
7.2,3.0,5.8,1.6,2
5.0,3.5,1.6,0.6,0
6.1,3.0,4.9,1.8,2
6.1,2.9,4.7,1.4,1
5.8,2.7,3.9,1.2,1
5.8,2.7,3.9,1.2,1
6.7,3.3,5.7,2.5,2
6.8,3.0,5.5,2.1,2
7.2,3.0,5.8,1.6,2
6.1,2.9,4.7,1.4,1
5.6,3.0,4.5,1.5,1
6.5,3.0,5.5,1.8,2
4.6,3.4,1.4,0.3,0
5.4,3.4,1.7,0.2,0
5.295860099461808,3.4571585001408556,1.4,0.2,0
6.3,2.7,4.9,1.8,2
5.7,2.8,4.5,1.3,1
5.6,2.9,3.6,1.3,1
5.1,3.8,1.9,0.4,0
5.6,2.5,3.9,1.1,1
6.7,3.0,5.2,2.3,2
5.7,2.8,4.1,1.3,1
4.9,3.0,1.4,0.2,0
6.3,2.5,4.9,1.5,1
6.3,2.5,5.0,1.9,2
5.7,2.8,4.1,1.3,1
7.7,3.8,6.7,2.2,2
6.4,2.7,5.3,1.9,2
6.7,3.1,4.4,1.4,1
4.9,3.0,1.4,0.2,0
6.7,3.0,5.2,2.3,2
7.6,3.0,6.6,2.1,2
5.6,2.9,3.6,1.3,1
4.4,3.0,1.3,0.2,0
6.7,3.3,5.7,2.5,2
5.6,2.9,3.6,1.3,1
4.7,3.2,1.6,0.2,0
5.4,3.0,4.5,1.5,1
6.3,2.9,5.6,1.8,2
5.8,2.7,5.1,1.9,2
6.2,2.2,4.5,1.5,1
6.794105310083715,2.5636745903353457,5.8,1.8,2
5.5,2.3,4.0,1.3,1
6.8,3.2,5.9,2.3,2
6.4,2.7,5.3,1.9,2
5.9,3.2,4.8,1.8,2
5.8,2.7,5.1,1.9,2
6.4,2.8,5.6,2.1,2
4.9,3.0,1.4,0.2,0
5.8,4.0,1.2,0.2,0
6.5,2.8,4.6,1.5,1
4.6,3.4,1.4,0.3,0
4.9,2.5,4.5,1.7,1
5.1,2.5,3.0,1.1,1
6.109390635142037,3.106919698850369,4.8,1.8,2
6.536678514451089,3.2980655867949755,4.5,1.5,1
5.0,3.5,1.3,0.3,0
5.9031002166761235,2.7547834982614594,4.1,1.0,1
4.5,2.3,1.3,0.3,0
4.7,3.2,1.6,0.2,0
5.517643983069911,3.5307510038367744,1.5,0.4,0
4.4,2.9,1.4,0.2,0
6.2,2.2,4.5,1.5,1
6.1,2.8,4.0,1.3,1
5.8,2.8,5.1,2.4,2
4.6,3.4,1.4,0.3,0
6.0,2.7,5.1,1.6,1
6.3,2.5,4.9,1.5,1
6.1,3.0,4.9,1.8,2
5.0,3.3,1.4,0.2,0
5.8,2.7,5.1,1.9,2
6.5,3.0,5.5,1.8,2
7.7,2.6,6.9,2.3,2
7.1,3.0,5.9,2.1,2
5.0,3.6,1.4,0.2,0
5.7,2.8,4.5,1.3,1
5.6,2.7,4.2,1.3,1
5.8,2.7,5.1,1.9,2
6.1,2.8,4.7,1.2,1
5.5,2.6,4.4,1.2,1
6.2,2.9,4.3,1.3,1
5.8,2.6,4.0,1.2,1
4.5,2.3,1.3,0.3,0
7.100451283781827,3.250313007574005,4.7,1.4,1
6.3,3.3,4.7,1.6,1
5.5,2.4,3.7,1.0,1
5.1,3.3,1.7,0.5,0
5.8,4.0,1.2,0.2,0
6.0,3.0,4.8,1.8,2
5.365564859717089,3.8111980858858474,1.5,0.2,0
6.0,3.4,4.5,1.6,1
5.6,2.8,4.9,2.0,2
5.6,2.8,4.9,2.0,2
5.1,3.8,1.6,0.2,0
4.8,3.0,1.4,0.1,0
6.191182393928303,3.1437043988672015,4.9,1.8,2
6.0,3.4,4.5,1.6,1
4.926617925040041,3.4572123093927334,1.6,0.2,0
5.4959026893377505,4.026995355755699,1.7,0.4,0
6.1,2.6,5.6,1.4,1
4.873883452047716,3.1466914774900436,1.4,0.1,0
6.8,3.0,5.5,2.1,2
6.5,3.0,5.5,1.8,2
5.7,2.6,3.5,1.0,1
6.0,2.9,4.5,1.5,1
4.4,3.0,1.3,0.2,0
5.9,3.0,4.2,1.5,1
5.2,4.1,1.5,0.1,0
6.413107252496185,2.5878980144405226,4.9,1.5,1
7.423869726139662,3.011892343434195,6.3,1.8,2
6.0,2.2,5.0,1.5,1
5.7,3.0,4.2,1.2,1
6.4,3.2,5.3,2.3,2
6.4,2.8,5.6,2.2,2
5.8,4.0,1.2,0.2,0
4.456231744802359,3.096338605609783,1.3,0.2,0
6.0,3.0,4.8,1.8,2
6.4,2.8,5.6,2.2,2
4.411767146247273,3.0653768074613303,1.1,0.1,0
6.9,3.1,4.9,1.5,1
6.7,3.1,4.7,1.5,1
4.8,3.4,1.9,0.2,0
5.2,3.4,1.4,0.2,0
5.2,3.4,1.4,0.2,0
5.8,2.6,4.0,1.2,1
5.242941877247272,3.4683888355675956,1.5,0.2,0
6.6,2.9,4.6,1.3,1
6.3,3.3,4.7,1.6,1
6.1,2.6,5.6,1.4,1
7.2,3.6,6.1,2.5,2
7.1,3.0,5.9,2.1,2
6.3,3.4,5.6,2.4,2
5.4,3.7,1.5,0.2,0
6.524471617322652,2.9198086674598627,5.6,2.1,2
6.5,3.2,5.1,2.0,2
6.0,2.9,4.5,1.5,1
6.7770040706101105,3.214909271388393,5.6,2.4,2
5.7,2.9,4.2,1.3,1
6.3,2.3,4.4,1.3,1
6.7,3.1,4.4,1.4,1
5.1,3.5,1.4,0.3,0
5.018639683017004,3.2486787206684236,1.5,0.1,0
5.7,2.9,4.2,1.3,1
5.8,2.7,4.1,1.0,1
5.0,2.3,3.3,1.0,1
6.1,2.8,4.7,1.2,1
4.9,2.5,4.5,1.7,1
5.7,2.8,4.5,1.3,1
5.0,3.4,1.5,0.2,0
6.623416420966488,3.0894512074810807,5.5,1.8,2
6.192053394415992,2.70451336797863,5.6,1.4,1
5.0,3.0,1.6,0.2,0
6.3,3.3,4.7,1.6,1
5.8,2.7,4.1,1.0,1
4.5,2.3,1.3,0.3,0
7.9,3.8,6.4,2.0,2
6.3,2.8,5.1,1.5,1
7.7,2.8,6.7,2.0,2
5.7,2.9,4.2,1.3,1
5.9,3.0,5.1,1.8,2
4.3,3.0,1.1,0.1,0
5.6,2.5,3.9,1.1,1
5.7,3.8,1.7,0.3,0
5.1,3.5,1.4,0.2,0
5.0010595085584875,3.1898534828833163,1.5,0.1,0
7.7,2.8,6.7,2.0,2
6.40773155872767,3.0107206638806594,5.6,1.8,2
5.3,3.7,1.5,0.2,0
4.843054690347474,3.263137132070153,1.3,0.2,0
5.165632923248465,3.8192192369765956,1.5,0.4,0
6.4,2.7,5.3,1.9,2
6.3,2.5,4.9,1.5,1
5.177252117160816,3.87257150572875,1.5,0.3,0
5.9,3.2,4.8,1.8,2
5.032199361940531,3.7353072865486063,1.4,0.1,0
5.0,3.0,1.6,0.2,0
5.7,2.5,5.0,2.0,2
7.4,2.8,6.1,1.9,2
6.7,3.0,5.0,1.7,2
4.9,3.1,1.5,0.2,0
5.6,2.9,3.6,1.3,1
7.7,3.8,6.7,2.2,2
4.6368353131820035,2.380119402529942,1.3,0.3,0
5.995725344906956,3.1070533562706797,4.2,1.5,1
5.7,2.8,4.5,1.3,1
6.1944292224828175,2.741882040073661,5.6,1.4,1
4.358239462769688,3.117863242606042,1.1,0.1,0
5.8,2.7,3.9,1.2,1
6.0,2.2,4.0,1.0,1
6.7,3.1,4.7,1.5,1
5.8,4.0,1.2,0.2,0
5.187316771805703,2.6147433464689835,3.0,1.1,1
5.1,3.5,1.4,0.3,0
5.1,3.7,1.5,0.4,0
4.8,3.4,1.9,0.2,0
6.0,3.4,4.5,1.6,1
6.1,2.6,5.6,1.4,1
5.919346452662099,4.1468789554308545,1.2,0.2,0
6.5,3.2,5.1,2.0,2
6.3,2.7,4.9,1.8,2
5.4,3.4,1.7,0.2,0
5.4,3.9,1.3,0.4,0
8.008784546816168,3.9236029526643823,6.4,2.0,2
6.7,3.1,4.4,1.4,1
4.7,3.2,1.6,0.2,0
5.8,2.8,5.1,2.4,2
7.6,3.0,6.6,2.1,2
5.9,3.2,4.8,1.8,2
5.6,2.5,3.9,1.1,1
7.9,3.8,6.4,2.0,2
5.8,2.8,5.1,2.4,2
5.23307644961694,3.807356994571175,1.5,0.4,0
6.9,3.1,5.4,2.1,2
6.3,2.3,4.4,1.3,1
6.4,2.8,5.6,2.1,2
5.5,2.6,4.4,1.2,1
5.1,3.8,1.6,0.2,0
4.900357211241944,3.4935113125470805,1.6,0.2,0
4.7,3.2,1.6,0.2,0
5.6,2.9,3.6,1.3,1
5.3,3.7,1.5,0.2,0
7.2,3.6,6.1,2.5,2
5.761527229635733,2.9866155649009016,4.2,1.3,1
6.781800257979285,2.633693035073182,5.8,1.8,2
6.9,3.1,4.9,1.5,1
5.0,3.3,1.4,0.2,0
5.114861986987389,3.480714191588079,1.5,0.2,0
6.8,3.0,5.5,2.1,2
4.5,2.3,1.3,0.3,0
6.2,2.9,4.3,1.3,1
7.2,3.0,5.8,1.6,2
6.1,2.8,4.7,1.2,1
6.522601057802287,3.3186133687538546,4.5,1.5,1
6.4,3.2,4.5,1.5,1
6.3,2.3,4.4,1.3,1
5.1,3.7,1.5,0.4,0
5.5,2.6,4.4,1.2,1
5.6,3.0,4.5,1.5,1
6.056064196727485,2.32244586143607,4.0,1.0,1
6.7,3.0,5.2,2.3,2
5.393110759183553,3.7548449527881425,1.5,0.2,0
5.8,2.7,4.1,1.0,1
7.1,3.0,5.9,2.1,2
7.7,3.8,6.7,2.2,2
6.2,2.2,4.5,1.5,1
5.145758339563046,3.3423792969720143,1.2,0.2,0
5.6,2.9,3.6,1.3,1
6.2,2.9,4.3,1.3,1
5.783107636258088,2.928364297477776,4.1,1.3,1
6.7,2.5,5.8,1.8,2
4.6,3.1,1.5,0.2,0
5.01299073406575,3.1682673801448518,1.5,0.2,0
6.0,2.9,4.5,1.5,1
6.1,2.8,4.7,1.2,1
5.7,3.0,4.2,1.2,1
6.4,2.7,5.3,1.9,2
5.1,3.5,1.4,0.2,0
5.0,3.3,1.4,0.2,0
5.0,3.4,1.5,0.2,0
7.9,3.8,6.4,2.0,2
5.5,4.2,1.4,0.2,0
6.3,2.5,4.9,1.5,1
4.9,2.4,3.3,1.0,1
5.1,3.7,1.5,0.4,0
6.3,2.9,5.6,1.8,2
6.4,2.8,5.6,2.1,2
6.4,2.7,5.3,1.9,2
5.689852494580766,3.103835062953473,4.5,1.5,1
6.204201197047843,3.140113396805812,4.9,1.8,2
5.003413455988236,2.5077578229002446,3.3,1.0,1
5.4,3.0,4.5,1.5,1
7.7,2.8,6.7,2.0,2
6.0,2.9,4.5,1.5,1
6.0,3.0,4.8,1.8,2
5.3,3.7,1.5,0.2,0
4.9,2.5,4.5,1.7,1
7.656552893730786,3.0885005790006206,6.6,2.1,2
4.8,3.0,1.4,0.3,0
5.7,3.8,1.7,0.3,0
6.5,3.0,5.2,2.0,2
7.4,2.8,6.1,1.9,2
5.5,2.4,3.8,1.1,1
4.8,3.0,1.4,0.3,0
5.1,3.4,1.5,0.2,0
6.235338943435137,2.947471820077893,4.7,1.2,1
6.5,3.2,5.1,2.0,2
5.4,3.9,1.3,0.4,0
5.4,3.9,1.3,0.4,0
5.0,3.4,1.6,0.4,0
4.9,2.4,3.3,1.0,1
7.7,3.0,6.1,2.3,2
6.7,3.3,5.7,2.1,2
6.607139619385157,3.131981245566142,5.5,1.8,2
6.3,2.8,5.1,1.5,1
5.5,2.5,4.0,1.3,1
5.5,2.4,3.7,1.0,1
5.0,3.3,1.4,0.2,0
7.9,3.8,6.4,2.0,2
6.4,2.8,5.6,2.2,2
5.461522785518693,4.019871906700166,1.3,0.4,0
6.3,3.3,4.7,1.6,1
5.6,2.7,4.2,1.3,1
6.551366608618344,2.9311808337564145,4.6,1.5,1
6.343672188438111,3.525274885821729,5.4,2.3,2
6.0,2.7,5.1,1.6,1
4.9,3.6,1.4,0.1,0
6.7,3.1,4.4,1.4,1
5.2,3.5,1.5,0.2,0
5.5,2.4,3.8,1.1,1
5.0,3.2,1.2,0.2,0
4.9,2.4,3.3,1.0,1
5.0,3.6,1.4,0.2,0
5.4,3.9,1.3,0.4,0
5.628368390360313,2.37008181117468,4.0,1.3,1
7.3012042935525185,3.6789415934228127,6.1,2.5,2
5.488666877961866,3.975003238459535,1.3,0.4,0
6.5,3.0,5.2,2.0,2
5.0,3.0,1.6,0.2,0
5.5,4.2,1.4,0.2,0
6.0,2.2,4.0,1.0,1
5.1,3.8,1.5,0.3,0
5.8,2.7,3.9,1.2,1
4.9,2.4,3.3,1.0,1
5.9,3.0,4.2,1.5,1
5.1,3.3,1.7,0.5,0
6.6,3.0,4.4,1.4,1
7.076745927219641,3.303489632521752,4.7,1.4,1
4.9,3.1,1.5,0.1,0
6.7,3.1,4.7,1.5,1
6.7,3.0,5.0,1.7,2
5.4,3.0,4.5,1.5,1
4.480383834376544,3.0744014354866844,1.3,0.2,0
6.4,2.9,4.3,1.3,1
6.357853820129095,2.622365135698026,4.9,1.5,1
5.115237944156264,3.3516022767222946,1.4,0.2,0
5.6,2.9,3.6,1.3,1
5.7,2.6,3.5,1.0,1
6.7,3.3,5.7,2.1,2
6.5,3.2,5.1,2.0,2
5.4,3.0,4.5,1.5,1
5.6,2.8,4.9,2.0,2
6.7,3.1,4.4,1.4,1
7.7,3.0,6.1,2.3,2
7.7,2.8,6.7,2.0,2
6.3,3.4,5.6,2.4,2
5.8,2.6,4.0,1.2,1
7.83691424388121,3.087227915819313,6.1,2.3,2
5.4,3.9,1.3,0.4,0
7.2685509129278625,3.052948142010047,5.8,1.6,2
6.5,3.0,5.5,1.8,2
5.3,3.7,1.5,0.2,0
7.2,3.6,6.1,2.5,2
7.2,3.2,6.0,1.8,2
6.4,3.2,4.5,1.5,1
6.6,2.9,4.6,1.3,1
6.3,2.7,4.9,1.8,2
5.4,3.0,4.5,1.5,1
4.6,3.1,1.5,0.2,0
